Date,Area,Depth,Width,Dangerous
3/31/2020,Patsy Marly,1.5,25,FALSE
3/31/2020,Birthday Chutes,0.8333333333333334,45,FALSE
3/31/2020,Santiago Ridge,1,300,TRUE
3/29/2020,Neffs,0.5,10,FALSE
3/29/2020,Wolverine,0.6666666666666666,50,FALSE
3/29/2020,Evergreen Ridge,1,40,FALSE
3/29/2020,Brighton Perimeter,1,40,FALSE
3/28/2020,Coalpit,1,80,TRUE
3/28/2020,Tuscarora,0.5,20,FALSE
3/28/2020,Mill B South,2,100,TRUE
3/28/2020,Banana Days,0.8333333333333334,60,FALSE
3/28/2020,Park City Ridgeline,0.8333333333333334,25,FALSE
3/28/2020,Alta Ski Area,1.3333333333333333,15,FALSE
3/27/2020,Claytons,1,70,TRUE
3/27/2020,Butler Basin,0.6666666666666666,70,FALSE
3/27/2020,Main Days,0.8333333333333334,70,FALSE
3/27/2020,Cardiac Ridge,1.5,100,TRUE
3/27/2020,Maybird Chute,1,50,FALSE
3/27/2020,Chipman Canyon,1.3333333333333333,300,TRUE
3/26/2020,Millicent Peak,1.5,60,TRUE
3/26/2020,East Bowl,1.6666666666666667,250,TRUE
3/26/2020,East Bowl,1.5,80,TRUE
3/26/2020,High Ivory,0.9166666666666666,70,FALSE
3/26/2020,Brighton Perimeter,1,100,TRUE
3/26/2020,Squaretop,1.25,100,TRUE
3/26/2020,High Ivory,0.9166666666666666,70,FALSE
3/26/2020,Squaretop,1.25,100,TRUE
3/26/2020,Brighton Perimeter,1,100,TRUE
3/26/2020,10420,2,60,TRUE
3/25/2020,Grizzly Gulch,0.8333333333333334,20,FALSE
3/25/2020,Days Fork,1,125,TRUE
3/25/2020,Little Water,1.1666666666666667,100,TRUE
3/25/2020,Patsy Marly,0.8333333333333334,30,FALSE
3/25/2020,Silver Fork Headwall,0.8333333333333334,30,FALSE
3/25/2020,West Desolation Ridge,0.5,35,FALSE
3/25/2020,Patsy Marly,1.6666666666666667,45,FALSE
3/25/2020,Days Fork,0.6666666666666666,25,FALSE
3/24/2020,Alta Periphery,0.5,15,FALSE
3/24/2020,Seagull,0.3333333333333333,10,FALSE
3/23/2020,Firewater,0.08333333333333333,70,FALSE
3/22/2020,Park City Ridgeline,0.4166666666666667,25,FALSE
3/22/2020,Murdock Peak,0.4166666666666667,20,FALSE
3/21/2020,Red Baldy,0.5,30,FALSE
3/20/2020,Y Coulior,1,35,FALSE
3/20/2020,Upper Days,0.5,35,FALSE
3/18/2020,Pioneer Ridge,0.5,30,FALSE
3/18/2020,Brighton Perimeter,0.5,70,FALSE
3/17/2020,Caribou Basin,1.5,175,TRUE
3/17/2020,Upper Days,0.5,20,FALSE
3/15/2020,Lake Mary,0.4166666666666667,60,FALSE
3/14/2020,10420,0.5,40,FALSE
3/14/2020,Little Superior,0.4166666666666667,10,FALSE
3/11/2020,Porter Fork,2,20,FALSE
3/10/2020,Cardiac Ridge,0.5,70,FALSE
3/9/2020,Dog Lake area,0.6666666666666666,45,FALSE
3/9/2020,Pioneer Ridge,0.6666666666666666,25,FALSE
3/9/2020,No Name Bowl,0.8333333333333334,50,FALSE
3/8/2020,Back Bowls,0.5,80,FALSE
3/4/2020,Tuscarora,0.3333333333333333,30,FALSE
3/2/2020,Superior,0.25,10,FALSE
3/2/2020,East Bowl,0.4166666666666667,20,FALSE
3/2/2020,Cardiac Ridge,0.3333333333333333,20,FALSE
3/2/2020,Hellgate,0.16666666666666666,50,FALSE
3/2/2020,Preston Peak,0.5833333333333334,50,FALSE
3/2/2020,Gobblers,0.3333333333333333,20,FALSE
3/2/2020,Days Fork,0.25,25,FALSE
3/2/2020,Days Fork,0.4166666666666667,40,FALSE
3/2/2020,Crow's Feet,0.4166666666666667,20,FALSE
3/1/2020,Argenta,0.5,40,FALSE
2/21/2020,Hogum,1.5,30,FALSE
2/20/2020,Raymond Glade,0.6666666666666666,70,FALSE
2/18/2020,Holy Moly,0.5,90,FALSE
2/18/2020,Birthday Chutes,0.8333333333333334,20,FALSE
2/17/2020,Session Mountains,0.8333333333333334,150,FALSE
2/17/2020,Toledo Bowl,1.5,800,TRUE
2/17/2020,Flagstaff Gully,0.6666666666666666,100,FALSE
2/17/2020,Patsy Marly,0.6666666666666666,50,FALSE
2/17/2020,Green Slope,1.5,100,TRUE
2/17/2020,Reed and Benson Ridge,1.6666666666666667,100,TRUE
2/17/2020,Sunset Peak,1,100,TRUE
2/16/2020,Alta Ski Area,0.5,45,FALSE
2/16/2020,Emma Ridges,0.5,80,FALSE
2/16/2020,Emma Ridges,0.4166666666666667,200,FALSE
2/16/2020,Catchers Mit,0.3333333333333333,100,FALSE
2/16/2020,Reynolds Peak,0.8333333333333334,30,FALSE
2/16/2020,Reynolds Peak,0.5833333333333334,150,FALSE
2/16/2020,Butler Fork,0.5833333333333334,100,FALSE
2/16/2020,Grizzly Gulch,0.3333333333333333,25,FALSE
2/16/2020,Flagstaff Ridge,0.5,300,FALSE
2/12/2020,Tuscarora,0.5,10,FALSE
2/9/2020,First Cornice Bowl,2,300,TRUE
2/8/2020,Pointy Peak,2,300,TRUE
2/8/2020,Red Rock Chutes,0.8333333333333334,200,FALSE
2/7/2020,The Spire,1.5,100,TRUE
2/7/2020,Silver Fork,1.5,500,TRUE
2/6/2020,Memorials,1,60,TRUE
2/6/2020,Big Horn Peak,5,600,TRUE
2/6/2020,Reynolds East Face,0.8333333333333334,1000,FALSE
2/6/2020,Dutch Draw,1.3333333333333333,20,FALSE
2/4/2020,Toledo Bowl,0.3333333333333333,15,FALSE
2/3/2020,Memorials,2,50,FALSE
2/1/2020,Mill B South,2,100,TRUE
2/1/2020,Mill B South,3,200,TRUE
2/1/2020,Wilson Peak,0.6666666666666666,50,FALSE
2/1/2020,Gods Lawnmower,4,50,FALSE
1/31/2020,Superior,1,80,TRUE
1/31/2020,Rainbow Peak,1.5,35,FALSE
1/30/2020,Superior,1.25,60,TRUE
1/29/2020,Greaseball,0.5,100,FALSE
1/29/2020,Little Superior,1,70,TRUE
1/29/2020,Days Fork,1.5,200,TRUE
1/28/2020,Superior,1.5,80,TRUE
1/28/2020,Cardiff Fork,0.3333333333333333,40,FALSE
1/28/2020,White Pine,0.5,150,FALSE
1/28/2020,Tuscarora,1,150,TRUE
1/27/2020,South Monitor Bowl,1,100,TRUE
1/27/2020,Lake Desolation,0.8333333333333334,60,FALSE
1/27/2020,"Willows, West Monitor",0.4166666666666667,20,FALSE
1/27/2020,Tanners Gulch,2,800,TRUE
1/27/2020,Cardiff Fork,1,40,FALSE
1/27/2020,Cardiff Fork,0.8333333333333334,40,FALSE
1/27/2020,Toledo Bowl,0.6666666666666666,40,FALSE
1/26/2020,Wolverine Cirque,0.3333333333333333,20,FALSE
1/25/2020,LSB North,0.6666666666666666,70,FALSE
1/25/2020,Stupid Chute,0.25,10,FALSE
1/25/2020,Broads Fork,6,80,TRUE
1/25/2020,Red Baldy,0.3333333333333333,30,FALSE
1/24/2020,Diving Board,7,200,TRUE
1/23/2020,Tuscarora,1,10,FALSE
1/23/2020,Superior,0.6666666666666666,25,FALSE
1/22/2020,Gods Lawnmower,0.5,50,FALSE
1/22/2020,Hallway Couloir,0.5,30,FALSE
1/21/2020,Salt Lake,0.4166666666666667,20,FALSE
1/19/2020,Mill B South,1,500,TRUE
1/18/2020,Cardiff Fork,1,100,TRUE
1/18/2020,Scotties Bowl,0.4166666666666667,10,FALSE
1/18/2020,Bountiful,1.6666666666666667,40,FALSE
1/17/2020,Murdock Peak,3.5,40,FALSE
1/17/2020,Salt Lake,0.8333333333333334,20,FALSE
1/15/2020,West Monitor,1,125,TRUE
1/14/2020,East Bowl,0.5,70,FALSE
1/14/2020,South Monitor Bowl,4,500,TRUE
1/14/2020,Scotts Peak,1,200,TRUE
1/13/2020,Park City Ridgeline,0.6666666666666666,70,FALSE
1/12/2020,Square Top,1.25,40,FALSE
1/12/2020,Reynolds Peak,2,30,FALSE
1/11/2020,Bountiful,1,40,FALSE
1/7/2020,Gobblers,1,150,TRUE
1/5/2020,Wilson Peak,1,175,TRUE
1/4/2020,Columbine Bowl,1.3333333333333333,150,TRUE
1/4/2020,White Pine,0.8333333333333334,30,FALSE
1/4/2020,Firewater,2,100,TRUE
1/4/2020,Tuscarora,1.8333333333333333,30,FALSE
1/4/2020,Hallway Couloir,0.5,25,FALSE
1/3/2020,Microwave,1.5,60,TRUE
1/2/2020,Butler Fork,1,30,FALSE
1/2/2020,Tuscarora,1.1666666666666667,40,FALSE
1/2/2020,Little Water,1,60,TRUE
1/2/2020,Big Cottonwood Canyon,1,150,TRUE
1/1/2020,Reynolds Peak,0.6666666666666666,50,FALSE
1/1/2020,Murdock Peak,2.5,100,TRUE
1/1/2020,Toots to Boot,1,30,FALSE
12/31/2019,Firewater,2,100,TRUE
12/29/2019,Oquirrh Mountains,1.8333333333333333,200,TRUE
12/25/2019,Dutch Draw,1,200,TRUE
12/25/2019,west porter,0.6666666666666666,100,FALSE
12/25/2019,Moonlight,1,300,TRUE
12/22/2019,Rocky Point,2.5,45,FALSE
12/19/2019,Ant Knolls,2,200,TRUE
12/17/2019,Snake Creek,0.8333333333333334,80,FALSE
12/16/2019,Alexander Basin,2.5,350,TRUE
12/15/2019,Squaretop,1.6666666666666667,175,TRUE
12/14/2019,Twin Lakes Pass,1.5,300,TRUE
12/14/2019,Twin Lakes Pass,2,1500,TRUE
12/14/2019,Pole Line Pass,1.25,200,TRUE
12/14/2019,West Monitor,2,90,TRUE
12/14/2019,Flagstaff Ridge,1,70,TRUE
12/14/2019,Thousand Turns Gulley,0.8333333333333334,175,FALSE
12/14/2019,Cardiff Pass,0.6666666666666666,300,FALSE
12/14/2019,Twin Lakes area,3,50,FALSE
12/13/2019,West Monitor,1.6666666666666667,80,TRUE
12/13/2019,Paradise,2.5,50,FALSE
12/12/2019,Suicide Chute,0.6666666666666666,20,FALSE
12/10/2019,Bonkers,2,50,FALSE
12/7/2019,Lanes Leap,2,200,TRUE
12/5/2019,Cardiff Bowl,0.3333333333333333,50,FALSE
12/5/2019,Patsy Marly,3,40,FALSE
12/3/2019,Jaws,2.5,80,TRUE
12/2/2019,Hidden Canyon,2,50,FALSE
11/30/2019,Scotts Bluff,2,200,TRUE
11/30/2019,No Name Bowl,3.5,500,TRUE
11/30/2019,Gobblers,3,200,TRUE
11/29/2019,Murdock Peak,1.5,500,TRUE
11/29/2019,Patsy Marly,1,100,TRUE
11/29/2019,Patsy Marly,3.5,250,TRUE
11/29/2019,10420,2.5,30,FALSE
11/29/2019,Hidden Canyon,1.6666666666666667,400,TRUE
11/29/2019,Two Dogs,2.5,125,TRUE
11/29/2019,Days Headwall,2.5,250,TRUE
11/29/2019,Silver Fork Headwall,2,80,TRUE
11/29/2019,Great White Icicle,0.5,20,FALSE
11/29/2019,Hidden Canyon,1.6666666666666667,400,TRUE
11/29/2019,Big Cottonwood Canyon,2.5,100,TRUE
11/28/2019,Hidden Canyon,1.3333333333333333,200,TRUE
11/28/2019,South Monitor Bowl,3,400,TRUE
11/28/2019,East Bowl,3,50,FALSE
11/27/2019,Catherine's Pass,2,150,TRUE
11/27/2019,Silver Fork Headwall,1,30,FALSE
11/27/2019,Davenport Hill,1,15,FALSE
11/25/2019,Hidden Canyon,0.5,20,FALSE
10/29/2019,Gunsight,1.1666666666666667,5,FALSE
10/27/2019,Cardiac Ridge,0.8333333333333334,30,FALSE
5/24/2019,East Castle,0.8333333333333334,200,FALSE
5/24/2019,Albion Basin,0.8333333333333334,30,FALSE
5/24/2019,Devils Castle,2,500,TRUE
5/23/2019,Banana Days,0.6666666666666666,70,FALSE
5/23/2019,Superior,1,150,TRUE
5/22/2019,Superior,1.6666666666666667,60,TRUE
4/23/2019,Alta Periphery,1.5,200,TRUE
4/17/2019,Argenta,0.4166666666666667,40,FALSE
4/17/2019,Cardiac Ridge,1,45,FALSE
4/16/2019,Main Days,0.6666666666666666,800,FALSE
4/16/2019,West Monitor,1,30,FALSE
4/16/2019,Dry Fork of AF,0.16666666666666666,35,FALSE
4/16/2019,Red Baldy,1,100,TRUE
4/15/2019,Greaseball,1,30,FALSE
4/14/2019,Y Coulior,0.5,10,FALSE
4/14/2019,Jupiter,1.6666666666666667,125,TRUE
4/13/2019,Big Willow,4,400,TRUE
4/13/2019,Mill B South,0.8333333333333334,50,FALSE
4/12/2019,Superior,0.5,60,FALSE
4/12/2019,Key hole,1.5,60,TRUE
4/11/2019,Scotties Bowl,2,70,TRUE
4/11/2019,Butler Basin,1,30,FALSE
4/10/2019,Scotties Bowl,0.3333333333333333,80,FALSE
4/10/2019,West Porter,0.6666666666666666,30,FALSE
4/10/2019,Kessler Slabs,0.6666666666666666,40,FALSE
4/10/2019,Chicken Sh#! Ridge,0.5,50,FALSE
4/10/2019,Catchers Mit,0.8333333333333334,30,FALSE
4/9/2019,Broads Fork,5,90,TRUE
4/6/2019,Emma Ridges,0.5,10,FALSE
4/5/2019,Blue Ice,10,300,TRUE
4/3/2019,Sliver peak,0.3333333333333333,10,FALSE
4/3/2019,Claytons,0.6666666666666666,350,FALSE
3/31/2019,Bonkers,2.5,150,TRUE
3/31/2019,West Couloir,0.6666666666666666,30,FALSE
3/30/2019,Hypodermic Needle,3,100,TRUE
3/30/2019,Argenta,0.8333333333333334,150,FALSE
3/30/2019,Silver Fork,0.8333333333333334,25,FALSE
3/30/2019,Holy Toledo,0.5,30,FALSE
3/29/2019,Argenta,0.4166666666666667,30,FALSE
3/29/2019,Summit Park,0.6666666666666666,50,FALSE
3/29/2019,South Monitor Bowl,1.5,200,TRUE
3/29/2019,South Monitor Bowl,2,60,TRUE
3/29/2019,Days Draw,1.1666666666666667,50,FALSE
3/29/2019,Brighton Hill,1,45,FALSE
3/26/2019,Hogum,1.6666666666666667,80,TRUE
3/26/2019,Cardiac Ridge,0.6666666666666666,30,FALSE
3/24/2019,Mill B South,1,25,FALSE
3/24/2019,East Bowl,0.6666666666666666,20,FALSE
3/24/2019,Birthday Chutes,0.5,50,FALSE
3/24/2019,Patsy Marly,0.8333333333333334,50,FALSE
3/24/2019,Upper Meadow Chutes,0.6666666666666666,40,FALSE
3/24/2019,Gobblers Knob,0.3333333333333333,40,FALSE
3/24/2019,Birthday Chutes,1,150,TRUE
3/24/2019,Wolverine Cirque,0.5,30,FALSE
3/24/2019,Grizzly Gulch,1,20,FALSE
3/21/2019,Flanigans,0.5,80,FALSE
3/16/2019,Salt Lake foothills,0.5,15,FALSE
3/16/2019,Toledo Chutes,0.08333333333333333,50,FALSE
3/16/2019,Reynolds Pk,0.3333333333333333,80,FALSE
3/15/2019,Chipman Peak,1.1666666666666667,300,TRUE
3/15/2019,Red Top,2,300,TRUE
3/14/2019,Georges Bowl,2,100,TRUE
3/14/2019,Greaseball,2.5,50,FALSE
3/14/2019,Salt Lake,1.6666666666666667,150,TRUE
3/14/2019,Emma Ridges,1,20,FALSE
3/13/2019,Mt Olympus,1.5,35,FALSE
3/11/2019,Wolverine Cirque,0.6666666666666666,30,FALSE
3/11/2019,Banana Days,0.16666666666666666,100,FALSE
3/11/2019,Room of Doom,0.6666666666666666,30,FALSE
3/10/2019,Tri Chutes,1.1666666666666667,50,FALSE
3/9/2019,South Monitor Bowl,1,40,FALSE
3/9/2019,West Willow,2,300,TRUE
3/8/2019,Brighton Perimeter,0.5,200,FALSE
3/8/2019,Brighton Perimeter,1.1666666666666667,80,TRUE
3/7/2019,Rocky Point,0.6666666666666666,30,FALSE
3/7/2019,Dougs Drop,0.5833333333333334,125,FALSE
3/7/2019,Silver/Days,0.8333333333333334,80,FALSE
3/7/2019,Back Bowls,2,300,TRUE
3/7/2019,Benson and Hedges,1.3333333333333333,30,FALSE
3/7/2019,Lake Peak,1,2500,TRUE
3/7/2019,South Monitor Bowl,0.8333333333333334,300,FALSE
3/7/2019,White Pine,1.6666666666666667,300,TRUE
3/6/2019,Patsy Marly,1.3333333333333333,45,FALSE
3/4/2019,Summit Park,0.8333333333333334,80,FALSE
3/4/2019,Superior,0.3333333333333333,60,FALSE
3/4/2019,Catchers Mit,0.5,20,FALSE
3/3/2019,Maybird Chute,0.3333333333333333,50,FALSE
3/3/2019,Superior,0.5,30,FALSE
3/3/2019,Dougs Drop,0.4166666666666667,40,FALSE
3/3/2019,Patsy Marly,0.5,40,FALSE
3/3/2019,Monte Cristo,0.6666666666666666,10,FALSE
3/2/2019,Wolverine Cirque,0.3333333333333333,50,FALSE
2/26/2019,Cardiff Fork,0.4166666666666667,40,FALSE
2/26/2019,Martha Bowl,0.5,60,FALSE
2/26/2019,Mill A,0.5,30,FALSE
2/25/2019,Millie Back Bowls,1.1666666666666667,100,TRUE
2/20/2019,Dutch Draw,0.5,50,FALSE
2/20/2019,Limber Pine,0.5,200,FALSE
2/17/2019,Pioneer Peak,1,500,TRUE
2/16/2019,Claytons,2,300,TRUE
2/16/2019,Silver Fork Headwall,5,150,TRUE
2/15/2019,West Monitor,1.5,250,TRUE
2/14/2019,Big Cottonwood Canyon,0.8333333333333334,100,FALSE
2/14/2019,Highline,2.5,200,TRUE
2/14/2019,west porter,0.5,60,FALSE
2/14/2019,Butler Fork,0.6666666666666666,70,FALSE
2/14/2019,Reynolds Peak,0.5,300,FALSE
2/14/2019,Butler Basin,0.8333333333333334,200,FALSE
2/14/2019,Kessler Peak,0.5,50,FALSE
2/10/2019,Murdock Peak,2,250,TRUE
2/8/2019,Little Superior,0.6666666666666666,50,FALSE
2/8/2019,White Pine,1,50,FALSE
2/8/2019,Pioneer Ridge,2,100,TRUE
2/8/2019,Preston Peak,0.25,100,FALSE
2/7/2019,Squaretop,1.5,250,TRUE
2/7/2019,Pioneer Ridge,1,100,TRUE
2/6/2019,Ivory Flakes,4,300,TRUE
2/5/2019,10420,10,200,TRUE
2/5/2019,Days Headwall,4,60,TRUE
2/5/2019,Scotts Peak,4.5,1000,TRUE
2/5/2019,South Monitor Bowl,8,1500,TRUE
2/5/2019,Patsy Marly,0.8333333333333334,10,FALSE
2/4/2019,Cone,2,60,TRUE
2/4/2019,Little Water Peak,3,200,TRUE
2/3/2019,Pioneer Peak,2,300,TRUE
2/2/2019,Mineral Fork,0.5,40,FALSE
1/25/2019,Summit Park,1.1666666666666667,70,TRUE
1/23/2019,Wilson Chutes,1.3333333333333333,20,FALSE
1/23/2019,Depth Hoar Bowl,1,40,FALSE
1/22/2019,Bonneville Shoreline Trail,0.5,20,FALSE
1/21/2019,Thomas Fork,1.5,80,TRUE
1/21/2019,Murdock Peak,1.1666666666666667,50,FALSE
1/21/2019,Emma Ridges,1.3333333333333333,250,TRUE
1/19/2019,Bountiful,2,50,FALSE
1/19/2019,Grandview Peak,1.5,300,TRUE
1/19/2019,Two Dogs,2,60,TRUE
1/19/2019,White Pine,4,100,TRUE
1/17/2019,West Monitor,2,80,TRUE
1/17/2019,Depth Hoar Bowl,1.1666666666666667,35,FALSE
1/16/2019,Raymond Glade,0.4166666666666667,50,FALSE
1/16/2019,Raymond Glade,0.4166666666666667,50,FALSE
1/16/2019,Flagstaff Ridge,0.5,60,FALSE
1/16/2019,Sunset Peak,1,250,TRUE
1/7/2019,Scotts Bluff,2,80,TRUE
1/7/2019,Bear Trap,1,70,TRUE
1/5/2019,Lake Peak,0.4166666666666667,30,FALSE
1/5/2019,Ivory Slabs,1,200,TRUE
1/5/2019,Red Pine Gulch,0.5,80,FALSE
1/5/2019,Blue Ice,1.25,125,TRUE
1/5/2019,Maybird Gulch,2,30,FALSE
1/5/2019,Tuscarora,1,50,FALSE
1/5/2019,Santiago,1.5,60,TRUE
1/5/2019,Red Pine Gulch,1.25,25,FALSE
1/4/2019,Little Cottonwood Canyon,0.6666666666666666,20,FALSE
1/4/2019,Toledo Shoulder,0.4166666666666667,20,FALSE
12/31/2018,Snake Creek,1.25,30,FALSE
12/31/2018,Airplane Peak,2.5,80,TRUE
12/30/2018,Salt Lake,0.4166666666666667,20,FALSE
12/29/2018,Wolverine Cirque,0.5,5,FALSE
12/29/2018,Wolverine Cirque,0.6666666666666666,30,FALSE
12/29/2018,Guardsman Pass area,0.5,30,FALSE
12/28/2018,Cardiac Ridge,3,80,TRUE
12/26/2018,Red Baldy,1.25,45,FALSE
12/26/2018,East Mineral,0.8333333333333334,20,FALSE
12/25/2018,South Monitor Bowl,1.25,60,TRUE
12/24/2018,Cardiff Fork,0.8333333333333334,50,FALSE
12/23/2018,Pioneer Bowl,1.5,30,FALSE
12/22/2018,Little Superior,0.6666666666666666,45,FALSE
12/22/2018,Snake Creek,1,30,FALSE
12/22/2018,Days Draw,2,70,TRUE
12/22/2018,Tuscarora,1.1666666666666667,50,FALSE
12/22/2018,Room of Doom,0.8333333333333334,20,FALSE
12/22/2018,Reynolds East Face,2,80,TRUE
12/15/2018,Monitors,1.1666666666666667,25,FALSE
12/13/2018,Bonkers,4,150,TRUE
12/12/2018,West Monitor,0.6666666666666666,45,FALSE
12/3/2018,Snake Creek,0.8333333333333334,25,FALSE
12/3/2018,West Monitor,3,500,TRUE
12/2/2018,Blue Ice,2.5,400,TRUE
12/2/2018,Davis Gulch,1.5,200,TRUE
12/2/2018,Cardiff Fork,2,50,FALSE
12/2/2018,Porter Fork,2,100,TRUE
12/1/2018,West Bowl,2,100,TRUE
11/30/2018,Cardiac Ridge,3,200,TRUE
11/30/2018,Cardiff Fork,2,40,FALSE
11/30/2018,Silver Fork Headwall,2,60,TRUE
11/30/2018,Red Baldy,1.6666666666666667,600,TRUE
11/30/2018,South Monitor Bowl,1,200,TRUE
11/30/2018,Highline,1.6666666666666667,150,TRUE
11/26/2018,Wolverine,1.5,20,FALSE
11/25/2018,Mother in Law,1.8333333333333333,125,TRUE
11/25/2018,Flagstaff Gully,0.6666666666666666,5,FALSE
11/25/2018,Days Headwall,1.6666666666666667,150,TRUE
11/25/2018,Scotts Bluff,1.6666666666666667,125,TRUE
11/25/2018,Big Cottonwood Canyon,2.5,100,TRUE
11/25/2018,White Pine,1.5,500,TRUE
11/24/2018,Rocky Point,1.3333333333333333,250,TRUE
11/24/2018,Hide A Way Park,1.6666666666666667,500,TRUE
11/24/2018,Brighton Perimeter,1.8333333333333333,150,TRUE
11/24/2018,10420,1.5,30,FALSE
11/24/2018,Jaws,1.6666666666666667,200,TRUE
11/24/2018,10420,1,20,FALSE
11/23/2018,Scotts Bluff,1,70,TRUE
11/23/2018,Alta Periphery,0.8333333333333334,25,FALSE
11/23/2018,Monitors,0.5,125,FALSE
11/23/2018,Monitors,2,70,TRUE
11/23/2018,Monitors,1.6666666666666667,30,FALSE
11/22/2018,Rocky Point,0.5833333333333334,50,FALSE
11/5/2018,Baldy,0.5,15,FALSE
4/18/2018,Little Superior,1,40,FALSE
4/17/2018,Cardiff Peak,0.8333333333333334,40,FALSE
4/17/2018,Upper Days,0.6666666666666666,175,FALSE
4/9/2018,Cardiff Bowl,1.0833333333333333,100,TRUE
4/9/2018,Toledo Bowl,0.3333333333333333,30,FALSE
4/9/2018,Emma Ridges,0.25,125,FALSE
4/9/2018,Raymond Peak,0.5,100,FALSE
4/8/2018,Toledo Chutes,0.25,30,FALSE
4/8/2018,Catherine's Pass,0.5,15,FALSE
4/8/2018,Chicken Sh#! Ridge,0.25,30,FALSE
4/2/2018,Silver Fork Headwall,2.5,80,TRUE
3/28/2018,Scotties Notch,0.5,25,FALSE
3/23/2018,Diving Board,10,500,TRUE
3/23/2018,Two Dogs,4,500,TRUE
3/17/2018,Emma Ridges,0.6666666666666666,20,FALSE
3/17/2018,Squaretop,1,40,FALSE
3/17/2018,Upper Days,3.5,80,TRUE
3/17/2018,Millicent Peak,4,150,TRUE
3/16/2018,Salt Lake,1.6666666666666667,200,TRUE
3/16/2018,Salt Lake,2,100,TRUE
3/16/2018,Claytons,2.5,40,FALSE
3/11/2018,Guardsman Pass area,5,350,TRUE
3/8/2018,Hogum,5,300,TRUE
3/5/2018,Back Bowls,0.8333333333333334,20,FALSE
3/4/2018,Grandeur,1,40,FALSE
3/4/2018,Butler Basin,3,300,TRUE
3/3/2018,Porter Fork,3,60,TRUE
3/3/2018,Porter Fork,1.5,50,FALSE
3/2/2018,Snake Creek,1,100,TRUE
2/28/2018,Wolverine Cirque,2,80,TRUE
2/28/2018,Bonanza Flats,0.16666666666666666,50,FALSE
2/27/2018,Main Days,2,20,FALSE
2/26/2018,East Mineral,0.8333333333333334,30,FALSE
2/25/2018,Twin Lakes area,1,40,FALSE
2/25/2018,Little Cottonwood Canyon,1.1666666666666667,50,FALSE
2/25/2018,First Cornice Bowl,2,50,FALSE
2/25/2018,Twin Lakes area,1.3333333333333333,30,FALSE
2/24/2018,Main Porter,0.8333333333333334,20,FALSE
2/24/2018,Raymond Shoulder,1.3333333333333333,50,FALSE
2/21/2018,Superior,1,40,FALSE
2/20/2018,Claytons,1,30,FALSE
2/19/2018,Wilson Chutes,3,100,TRUE
2/19/2018,Davis Gulch,3,80,TRUE
2/19/2018,Toots to Boot,2,300,TRUE
2/19/2018,Sunset Peak,1.6666666666666667,50,FALSE
2/19/2018,West Monitor,2,500,TRUE
2/16/2018,West Monitor,2,350,TRUE
2/16/2018,Little Superior,1.1666666666666667,40,FALSE
2/15/2018,Catchers Mit,2,100,TRUE
2/15/2018,Pointy Peak,2,100,TRUE
2/15/2018,Airplane Peak,3.5,100,TRUE
2/15/2018,Hogum Hogback,2,70,TRUE
2/15/2018,Emma Ridges,1.5,20,FALSE
2/15/2018,Reynolds East Face,3,50,FALSE
1/31/2018,Alexander Basin,1.3333333333333333,70,TRUE
1/31/2018,Alexander Basin,1.3333333333333333,50,FALSE
1/28/2018,West Willow,1.6666666666666667,150,TRUE
1/27/2018,Lavina Creek,3,300,TRUE
1/25/2018,Davis Gulch,4.5,150,TRUE
1/25/2018,Silver Fork Headwall,1.5,15,FALSE
1/24/2018,Pointy Peak,2,100,TRUE
1/21/2018,Patsy Marly,1.25,100,TRUE
1/21/2018,Snake Creek,2.5,250,TRUE
1/21/2018,Hide A Way Park,2,100,TRUE
1/20/2018,Porter Fork,3,150,TRUE
1/20/2018,Park City Ridgeline,3,125,TRUE
1/16/2018,Davenport Hill,2.5,125,TRUE
1/13/2018,Snake Creek,2,90,TRUE
1/13/2018,Hallway Couloir,1.5,20,FALSE
1/13/2018,Snake Creek,0.8333333333333334,200,FALSE
1/13/2018,Grizzly Gulch,2.5,100,TRUE
1/13/2018,Banana Days,1,200,TRUE
1/12/2018,Banana Days,2,250,TRUE
1/11/2018,Georges Bowl,2,100,TRUE
1/11/2018,West Desolation Ridge,1.5,250,TRUE
1/11/2018,West Desolation Ridge,1.3333333333333333,200,TRUE
1/11/2018,Red Pine Gulch,2,80,TRUE
1/10/2018,Claytons,1.1666666666666667,1000,TRUE
1/10/2018,Grizzly Gulch,1.5,20,FALSE
1/10/2018,Twin Lakes Pass,1.5,150,TRUE
1/10/2018,Two Dogs,1,1000,TRUE
1/10/2018,Radar Love Bowl,2,150,TRUE
1/10/2018,Days Draw,2,300,TRUE
1/10/2018,10420,1,100,TRUE
1/10/2018,West Monitor,2,1500,TRUE
1/10/2018,No Name Bowl,1.6666666666666667,125,TRUE
1/9/2018,Meadows,1.0833333333333333,100,TRUE
1/7/2018,Cardiff Peak,2,40,FALSE
1/7/2018,Porter Fork,2,150,TRUE
1/7/2018,Main Days,1,20,FALSE
1/7/2018,Red Pine Gulch,1,15,FALSE
12/29/2017,Honeycomb,1.6666666666666667,40,FALSE
12/28/2017,Squaretop,2,50,FALSE
12/28/2017,Park City Ridgeline,1,175,TRUE
12/27/2017,Evergreen Ridge,1.25,400,TRUE
12/27/2017,Patsey Trees,1,20,FALSE
12/27/2017,Solitude closed terrain,1.6666666666666667,350,TRUE
12/27/2017,Murdock Peak,1.6666666666666667,250,TRUE
12/26/2017,Cardiff Bowl,1.6666666666666667,300,TRUE
12/26/2017,Georges Bowl,1,50,FALSE
12/25/2017,Reynolds East Face Shoulder,1.3333333333333333,100,TRUE
12/25/2017,Reynolds East Face,1.3333333333333333,250,TRUE
12/25/2017,Mill D North,1,40,FALSE
12/25/2017,Big Cottonwood Canyon,0.8333333333333334,10,FALSE
12/24/2017,Alexander Basin,0.5,10,FALSE
12/24/2017,Scotts Bowl,1.25,150,TRUE
12/24/2017,Main Porter,0.16666666666666666,40,FALSE
12/23/2017,Days Headwall,1.5,150,TRUE
12/23/2017,Jaws,1.5,150,TRUE
12/23/2017,Catherine's Pass,1,50,FALSE
12/23/2017,Twin Lakes Pass,1.5,80,TRUE
11/18/2017,Alta Ski Area,1.5,1000,TRUE
11/18/2017,Catherine's Pass,2,70,TRUE
11/17/2017,Catherine's Pass,1.25,100,TRUE
11/17/2017,Little Cottonwood Canyon,1.3333333333333333,2500,TRUE
4/29/2017,Tanners Gulch,4,250,TRUE
4/29/2017,Superior,2,150,TRUE
4/29/2017,Bells Canyon,1,40,FALSE
4/29/2017,Meadows,0.5,200,FALSE
4/28/2017,Little Superior,1,60,TRUE
4/28/2017,Murdock Peak,1,60,TRUE
4/27/2017,Flagstaff Ridge,0.6666666666666666,60,FALSE
4/27/2017,Cardiff Bowl,0.6666666666666666,30,FALSE
4/27/2017,Honeycomb,0.8333333333333334,30,FALSE
4/27/2017,Cardiff Bowl,1,1000,TRUE
4/25/2017,Chicken Sh#! Ridge,0.8333333333333334,60,FALSE
4/25/2017,Stupid Chute,1,300,TRUE
4/25/2017,Emma Ridges,1.5,125,TRUE
4/25/2017,Main Days,2,200,TRUE
4/25/2017,Silver Fork Headwall,1,800,TRUE
4/25/2017,Emma Ridges,1.1666666666666667,100,TRUE
4/25/2017,Dougs Drop,1.1666666666666667,40,FALSE
4/25/2017,Twin Lakes Pass,1.3333333333333333,450,TRUE
4/25/2017,Days Fork,1.3333333333333333,450,TRUE
4/23/2017,Big Cottonwood Canyon,0.16666666666666666,40,FALSE
4/23/2017,Baldy,1,50,FALSE
4/21/2017,South Monitor Bowl,0.25,50,FALSE
4/19/2017,Cardiff Bowl,2.5,30,FALSE
4/15/2017,Cinder Chutes,1.5,100,TRUE
4/11/2017,Snowbird Ski Resort,0.8333333333333334,100,FALSE
4/10/2017,Mineral Basin,0.5833333333333334,100,FALSE
4/9/2017,Snake Creek,0.5,60,FALSE
4/9/2017,Cardiff Bowl,0.5,60,FALSE
3/28/2017,Pioneer Ridge,0.3333333333333333,15,FALSE
3/28/2017,No Name Baldy,1,100,TRUE
3/28/2017,Dougs Drop,0.3333333333333333,40,FALSE
3/28/2017,Claytons,0.6666666666666666,70,FALSE
3/28/2017,Snake Creek,0.08333333333333333,30,FALSE
3/27/2017,East Bowl,0.4166666666666667,80,FALSE
3/26/2017,Butler Basin,0.5,50,FALSE
3/25/2017,Days Draw,0.5833333333333334,15,FALSE
3/24/2017,Banana Days,0.5,30,FALSE
3/24/2017,Lake Peak,0.5,100,FALSE
3/23/2017,Cardiac Bowl,0.6666666666666666,60,FALSE
3/14/2017,No Name Bowl,0.3333333333333333,35,FALSE
3/8/2017,Cardiac Bowl,1.3333333333333333,250,TRUE
3/7/2017,Hide A Way Park,1,15,FALSE
3/7/2017,Brighton Perimeter,0.5,25,FALSE
3/2/2017,Y Coulior,0.6666666666666666,25,FALSE
3/1/2017,Snowbird periphery,1.3333333333333333,60,TRUE
2/24/2017,Hogum,3,150,TRUE
2/23/2017,"Willows, West Monitor",1.0833333333333333,60,TRUE
2/22/2017,Emma Ridges,0.6666666666666666,10,FALSE
2/22/2017,Mary Lake Ridge,3,150,TRUE
2/20/2017,PC Iron Mountain,0.3333333333333333,10,FALSE
2/19/2017,Sunset Peak,1,200,TRUE
2/19/2017,Cardiff Bowl,0.3333333333333333,80,FALSE
2/19/2017,Scotts Bluff,1.0833333333333333,90,TRUE
2/19/2017,LSB North,0.6666666666666666,60,FALSE
2/19/2017,Maybird Gulch,0.6666666666666666,40,FALSE
2/19/2017,10420,0.8333333333333334,50,FALSE
2/19/2017,Main Days,0.8333333333333334,200,FALSE
2/19/2017,No Name Bowl,0.5,60,FALSE
2/19/2017,Lake Peak,0.8333333333333334,45,FALSE
2/19/2017,Days Draw,0.8333333333333334,50,FALSE
2/18/2017,White Pine,0.3333333333333333,10,FALSE
2/18/2017,Bells Canyon,1.25,60,TRUE
2/16/2017,White Pine,0.25,50,FALSE
2/16/2017,Mill B South,0.9166666666666666,60,FALSE
2/16/2017,Red Pine Gulch,0.8333333333333334,60,FALSE
2/16/2017,Red Pine Gulch,0.4166666666666667,50,FALSE
2/13/2017,Wolverine Cirque,0.5833333333333334,15,FALSE
2/13/2017,Wolverine Cirque,0.6666666666666666,50,FALSE
2/13/2017,Salt Lake,0.6666666666666666,30,FALSE
2/13/2017,Hogum,0.8333333333333334,80,FALSE
2/12/2017,Hogum,0.6666666666666666,40,FALSE
2/12/2017,Banana Days,1,25,FALSE
2/12/2017,White Pine,0.3333333333333333,5,FALSE
2/12/2017,Monte Cristo,0.5,450,FALSE
2/11/2017,White Pine,0.16666666666666666,1500,FALSE
2/11/2017,Scott Hill,0.8333333333333334,250,FALSE
2/11/2017,Tuscarora,1.6666666666666667,200,TRUE
2/11/2017,Days Draw,1.3333333333333333,50,FALSE
2/11/2017,White Pine,0.16666666666666666,1500,FALSE
2/11/2017,Scott Hill,0.8333333333333334,250,FALSE
2/11/2017,Tuscarora,1.6666666666666667,200,TRUE
2/11/2017,Days Draw,1.3333333333333333,50,FALSE
2/8/2017,West Monitor,1.0833333333333333,150,TRUE
2/8/2017,South Monitor Bowl,2,90,TRUE
2/7/2017,Wolverine Cirque,0.5833333333333334,70,FALSE
2/7/2017,Doughnut Falls,1,175,TRUE
2/6/2017,Diving Board,5,100,TRUE
2/4/2017,LSB North,0.8333333333333334,50,FALSE
2/3/2017,Lake Mary Chutes,0.5833333333333334,30,FALSE
2/3/2017,Bonkers,3,60,TRUE
2/2/2017,Bonkers,1.5,40,FALSE
1/31/2017,Summit Park,1.5833333333333333,200,TRUE
1/29/2017,Murdock Peak,2,125,TRUE
1/29/2017,Tolgate Canyon,1.5,70,TRUE
1/28/2017,Toledo Chutes,2,10,FALSE
1/27/2017,Summit Park,4,100,TRUE
1/27/2017,Lambs Canyon,2,80,TRUE
1/27/2017,Sound of Music,2.5,400,TRUE
1/27/2017,Cardiac Ridge,1,70,TRUE
1/27/2017,Murdock Peak,2,800,TRUE
1/27/2017,Mary Ellen,1,80,TRUE
1/27/2017,Little Superior,1.5,45,FALSE
1/27/2017,Summit Park,1.5,30,FALSE
1/24/2017,Bear Trap,2,200,TRUE
1/24/2017,Park City Ridgeline,3,150,TRUE
1/24/2017,Red Pine Gulch,3,200,TRUE
1/24/2017,Park City area mountians,2.5,150,TRUE
1/23/2017,Canyons Periphery,2,150,TRUE
1/23/2017,Reynolds Pk,0.75,200,FALSE
1/23/2017,Maybird Gulch,2,40,FALSE
1/23/2017,Gobblers Knob,2,350,TRUE
1/23/2017,Butler Basin,2,200,TRUE
1/22/2017,Murdock Peak,1.6666666666666667,100,TRUE
1/22/2017,Scotts Peak,2,100,TRUE
1/22/2017,Rocky Point,2,60,TRUE
1/22/2017,Lambs Canyon,1.5,50,FALSE
1/21/2017,Lacawaxan,0.5,40,FALSE
1/21/2017,Georges Bowl,1.1666666666666667,60,TRUE
1/21/2017,Foothills,1.3333333333333333,20,FALSE
1/21/2017,Lambs Canyon,0.6666666666666666,40,FALSE
1/21/2017,Figure 8 Hill,1,70,TRUE
1/21/2017,Daily Canyon,0.8333333333333334,60,FALSE
1/21/2017,Mt Aire,0.4166666666666667,250,FALSE
1/16/2017,Hogum,0.5833333333333334,60,FALSE
1/16/2017,Hogum,0.3333333333333333,15,FALSE
1/15/2017,Wolverine Cirque,0.5,15,FALSE
1/15/2017,Red Pine Gulch,1.1666666666666667,30,FALSE
1/15/2017,Tuscarora,0.6666666666666666,40,FALSE
1/15/2017,Red Pine Gulch,1,50,FALSE
1/14/2017,west porter,1.3333333333333333,500,TRUE
1/11/2017,Cardiac Ridge,4,2500,TRUE
1/10/2017,Pink Pine,1.25,80,TRUE
1/10/2017,10420,1,150,TRUE
1/9/2017,Scotties Bowl,1,150,TRUE
1/9/2017,White Pine,0.8333333333333334,100,FALSE
1/8/2017,Mineral Basin,0.6666666666666666,100,FALSE
1/8/2017,Guardsman Pass area,0.6666666666666666,80,FALSE
1/8/2017,Foothills,0.5,40,FALSE
1/5/2017,Wolverine Cirque,2,300,TRUE
1/5/2017,Diving Board,3,300,TRUE
1/5/2017,White Pine,1.5,125,TRUE
1/2/2017,No Name Bowl,1,70,TRUE
1/2/2017,Neffs,1.6666666666666667,200,TRUE
12/27/2016,Mill Creek Canyon,1.3333333333333333,25,FALSE
12/24/2016,Cardiff Bowl,2,30,FALSE
12/24/2016,Depth Hoar Bowl,0.4166666666666667,20,FALSE
12/24/2016,East Bowl,1,250,TRUE
12/19/2016,Raymond Peak,0.25,40,FALSE
12/18/2016,Salt Lake,3,300,TRUE
12/17/2016,Pioneer Peak,2,300,TRUE
12/16/2016,South Monitor Bowl,4,500,TRUE
12/15/2016,West Monitor,1.6666666666666667,60,TRUE
12/15/2016,Flagstaff Ridge,1.6666666666666667,70,TRUE
12/14/2016,Grizzly Gulch,0.5,200,FALSE
12/14/2016,Cardiff Fork,0.5,175,FALSE
12/14/2016,Days Fork,0.5,60,FALSE
12/13/2016,Hide A Way Park,1.1666666666666667,25,FALSE
12/13/2016,Pink Pine,0.6666666666666666,30,FALSE
12/12/2016,10420,2,30,FALSE
12/11/2016,Lacawaxan,1,50,FALSE
12/10/2016,Twin Lakes area,0.3333333333333333,100,FALSE
12/10/2016,Main Porter,0.8333333333333334,60,FALSE
12/10/2016,Upper Days,0.6666666666666666,50,FALSE
12/10/2016,Days Fork,2,50,FALSE
12/9/2016,No Name Bowl,1,50,FALSE
12/9/2016,Park City Ridgeline,1.5,20,FALSE
12/8/2016,Barrieto,0.3333333333333333,50,FALSE
11/30/2016,East Bowl,2,35,FALSE
11/30/2016,East Bowl,2,45,FALSE
11/22/2016,Baldy,0.6666666666666666,150,FALSE
5/3/2016,Tuscarora,0.6666666666666666,60,FALSE
4/28/2016,Pt. Supreme,0.4166666666666667,450,FALSE
4/27/2016,Millicent Peak,1,300,TRUE
4/27/2016,Sunset Peak,0.3333333333333333,50,FALSE
4/27/2016,West Rustler,1,30,FALSE
4/27/2016,Baldy,1.3333333333333333,300,TRUE
4/26/2016,Big Cottonwood Canyon,1.1666666666666667,250,TRUE
4/25/2016,Emma Ridges,0.6666666666666666,20,FALSE
4/25/2016,Salt Lake,0.25,40,FALSE
4/24/2016,Evergreen Ridge,0.75,30,FALSE
4/24/2016,Seagull,0.5,30,FALSE
4/24/2016,Lake Peak,1.3333333333333333,150,TRUE
4/24/2016,Solitude,0.8333333333333334,20,FALSE
4/24/2016,Davenport Hill,0.8333333333333334,50,FALSE
4/16/2016,Little Superior,3,200,TRUE
4/7/2016,Stairs Gulch,5,150,TRUE
4/1/2016,Stairs Gulch,0.3333333333333333,20,FALSE
3/30/2016,Depth Hoar Bowl,1.3333333333333333,200,TRUE
3/29/2016,West Monitor,1.6666666666666667,60,TRUE
3/29/2016,Lacawaxan,2,200,TRUE
3/29/2016,East Bowl,0.6666666666666666,50,FALSE
3/29/2016,Hallway Couloir,1,50,FALSE
3/29/2016,White Pine,1,100,TRUE
3/29/2016,Scotties Bowl,1,15,FALSE
3/28/2016,Days Fork,0.6666666666666666,40,FALSE
3/28/2016,Main Days,0.5833333333333334,300,FALSE
3/28/2016,Brighton Perimeter,0.6666666666666666,350,FALSE
3/26/2016,Broads Fork,3.5,175,TRUE
3/23/2016,Salt Lake,0.5,40,FALSE
3/23/2016,Scotties Bowl,0.5,25,FALSE
3/19/2016,Toledo Bowl,0.3333333333333333,15,FALSE
3/17/2016,South Monitor Bowl,1.6666666666666667,150,TRUE
3/16/2016,Murdock Peak,1.5,150,TRUE
3/16/2016,Cardiac Ridge,2,500,TRUE
3/15/2016,Figure 8 Hill,0.3333333333333333,15,FALSE
3/15/2016,Hide A Way Park,1.1666666666666667,50,FALSE
3/15/2016,Two Dogs,0.6666666666666666,30,FALSE
3/15/2016,Main Days,0.8333333333333334,40,FALSE
3/15/2016,Argenta,1.5,70,TRUE
3/15/2016,East Couloir,0.6666666666666666,30,FALSE
3/9/2016,Maybird Gulch,0.3333333333333333,80,FALSE
2/27/2016,Murdock Pk,0.5,40,FALSE
2/24/2016,West Bowl,3,100,TRUE
2/23/2016,Ivory Chute,1,25,FALSE
2/22/2016,Diving Board,5,200,TRUE
2/21/2016,Mill B South,0.3333333333333333,50,FALSE
2/20/2016,Mill B South,4,30,FALSE
2/19/2016,Great White Icicle,0.5,25,FALSE
2/18/2016,Broads Fork,2.5,150,TRUE
2/17/2016,Bonkers,3,100,TRUE
2/15/2016,No Name Bowl,0.5,150,FALSE
2/15/2016,Squaretop,2,50,FALSE
2/5/2016,Scotties Bowl,0.4166666666666667,35,FALSE
2/2/2016,No Name Bowl,3,80,TRUE
2/1/2016,No Name Bowl,2,100,TRUE
1/27/2016,Brighton Perimeter,0.6666666666666666,40,FALSE
1/26/2016,Davenport Hill,1.4166666666666667,70,TRUE
1/26/2016,Silver Fork Headwall,2.5,60,TRUE
1/26/2016,Argenta,4.5,30,FALSE
1/26/2016,Superior,1.75,80,TRUE
1/25/2016,West Monitor,1.25,125,TRUE
1/25/2016,Back Bowls,2.5,250,TRUE
1/24/2016,Dry Fork of AF,0.8333333333333334,80,FALSE
1/24/2016,Elbow Fork,3,600,TRUE
1/24/2016,Gobblers Knob,2,1000,TRUE
1/22/2016,Upper Days,0.16666666666666666,100,FALSE
1/20/2016,Catchers Mit,1,175,TRUE
1/20/2016,West Monitor,3,700,TRUE
1/20/2016,Cardiac Bowl,2,400,TRUE
1/20/2016,No Name Bowl,1.1666666666666667,600,TRUE
1/20/2016,Reynolds Pk,1.0833333333333333,400,TRUE
1/20/2016,Scotts Peak,2,175,TRUE
1/20/2016,Meadows,0.6666666666666666,200,FALSE
1/20/2016,Little Cottonwood Canyon,1.3333333333333333,30,FALSE
1/20/2016,Mineral Fork,0.8333333333333334,300,FALSE
1/20/2016,Grizzly Gulch,0.6666666666666666,90,FALSE
1/19/2016,Scotties Bowl,1,60,TRUE
1/19/2016,Two Dogs,1.5,100,TRUE
1/19/2016,MacDonalds Draw,2.5,100,TRUE
1/19/2016,Park City Ridgeline,1.6666666666666667,70,TRUE
1/19/2016,Days Draw,2,80,TRUE
1/19/2016,Twin Lakes Pass,2,60,TRUE
1/18/2016,Banana Days,2,150,TRUE
1/18/2016,No Name Bowl,2,30,FALSE
1/17/2016,Rocky Point,4,100,TRUE
1/16/2016,Meadows,1.25,45,FALSE
1/16/2016,Lookout Peak,1.6666666666666667,100,TRUE
1/16/2016,Depth Hoar Bowl,1,30,FALSE
1/16/2016,Lookout Peak,2,125,TRUE
1/15/2016,Two Dogs,1.5,40,FALSE
1/13/2016,Maybird Gulch,0.8333333333333334,40,FALSE
1/12/2016,Emma Ridges,0.5,50,FALSE
1/11/2016,Dry Fork of AF,1.1666666666666667,100,TRUE
1/10/2016,Days Fork,0.08333333333333333,40,FALSE
1/10/2016,Crow Chute,0.8333333333333334,20,FALSE
1/9/2016,Argenta,1,30,FALSE
1/9/2016,Holy Toledo,1,40,FALSE
1/8/2016,Stupid Chute,1.6666666666666667,60,TRUE
1/7/2016,Meadows,2.5,50,FALSE
1/7/2016,Little Superior,1,50,FALSE
1/7/2016,Superior,0.5,50,FALSE
1/2/2016,Murdock Pk,8,200,TRUE
1/1/2016,Mineral Fork,0.4166666666666667,50,FALSE
1/1/2016,Little Water,3,250,TRUE
12/26/2015,Rocky Point,5,175,TRUE
12/25/2015,Argenta,3.5,250,TRUE
12/24/2015,Little Water,2.5,150,TRUE
12/23/2015,Powder Park,7,100,TRUE
12/23/2015,Big West,4,80,TRUE
12/23/2015,Stairs Gulch,3,100,TRUE
12/23/2015,Wolverine Cirque,3,200,TRUE
12/23/2015,Evergreen Ridge,3.5,700,TRUE
12/23/2015,Meadows,3,100,TRUE
12/23/2015,Dougs Drop,3,300,TRUE
12/23/2015,10420,4,1000,TRUE
12/23/2015,Scotts Peak,4,60,TRUE
12/23/2015,Wilson Glade,2.5,500,TRUE
12/23/2015,No Name Bowl,3,250,TRUE
12/23/2015,No Name Bowl,2,600,TRUE
12/22/2015,Greer Mountain,2,50,FALSE
12/22/2015,Two Dogs,2.5,100,TRUE
12/22/2015,Brighton Estates,3.5,40,FALSE
12/22/2015,Two Dogs,2,150,TRUE
12/21/2015,Monitors,1,60,TRUE
12/21/2015,Silver Fork Headwall,1,35,FALSE
12/21/2015,Brighton,2,30,FALSE
12/17/2015,No Name Bowl,2,125,TRUE
12/17/2015,Cardiac Ridge,0.25,200,FALSE
12/17/2015,Dutch Draw,2.5,200,TRUE
12/17/2015,Radar Love Bowl,3,100,TRUE
12/17/2015,South Monitor Bowl,4,1000,TRUE
12/17/2015,Scotts Bowl,3.5,200,TRUE
12/14/2015,Bonanza Flats,1,50,FALSE
12/12/2015,South Monitor Bowl,0.6666666666666666,60,FALSE
12/6/2015,Upper Days,0.6666666666666666,20,FALSE
12/6/2015,Montreal Hill,0.8333333333333334,50,FALSE
11/16/2015,Park City Ridgeline,0.6666666666666666,150,FALSE
11/11/2015,Gunsight,0.6666666666666666,20,FALSE
11/11/2015,Mt Baldy,1.25,60,TRUE
11/11/2015,Rocky Point,0.5,15,FALSE
11/11/2015,Park City Ski Resort,0.5833333333333334,30,FALSE
5/17/2015,Pioneer Ridge,0.5,15,FALSE
5/3/2015,Red Pine Gulch,0.5,30,FALSE
5/2/2015,Little Cottonwood Canyon,2,50,FALSE
5/1/2015,Jaws,3.5,100,TRUE
4/26/2015,Pioneer Peak,0.3333333333333333,35,FALSE
4/15/2015,Honeycomb,1,25,FALSE
4/15/2015,Patsy Marly,1.3333333333333333,70,TRUE
3/29/2015,Stairs Gulch,3,100,TRUE
3/25/2015,Cardiac Bowl,1,50,FALSE
3/24/2015,Tuscarora,0.5833333333333334,50,FALSE
3/24/2015,Wolverine Cirque,0.6666666666666666,40,FALSE
3/16/2015,Cone Head,2,40,FALSE
3/8/2015,Session Mountains,1,30,FALSE
3/6/2015,Superior,1,40,FALSE
3/5/2015,East Kessler,2,150,TRUE
3/5/2015,Seagull,2,40,FALSE
3/5/2015,MacDonalds Draw,2,50,FALSE
3/5/2015,MacDonalds Draw,2,50,FALSE
3/4/2015,Upper Days,2.5,25,FALSE
3/4/2015,Home Run,1.5,200,TRUE
3/4/2015,Wilson Fork,2,80,TRUE
3/4/2015,Butler Basin,2,200,TRUE
3/4/2015,Bonanza Flats,0.6666666666666666,30,FALSE
3/4/2015,Ivory Flakes,2,80,TRUE
3/4/2015,Wilson Glade,2,150,TRUE
3/4/2015,Mongo no,3,100,TRUE
3/4/2015,Argenta,2,50,FALSE
3/4/2015,Albion Chutes,1,20,FALSE
3/4/2015,Room of Doom,3.5,200,TRUE
3/3/2015,Mill B South,2.5,50,FALSE
3/3/2015,West Monitor,1.0833333333333333,60,TRUE
3/3/2015,Mill B South,3,100,TRUE
3/3/2015,Soldier Peak,2,150,TRUE
3/3/2015,Mill B South,3.5,125,TRUE
3/3/2015,Snake Creek,0.25,1500,FALSE
3/3/2015,East Kessler,1,100,TRUE
3/3/2015,Mill B South,2.5,100,TRUE
3/3/2015,Mill B South,3,100,TRUE
2/28/2015,South Monitor Bowl,1,100,TRUE
2/28/2015,Wilson Chutes,0.5,200,FALSE
2/28/2015,Banana Days,1.5,40,FALSE
2/28/2015,Toots to Boot,0.6666666666666666,80,FALSE
2/23/2015,White Pine,0.6666666666666666,30,FALSE
2/22/2015,Grandview Peak,1,50,FALSE
2/21/2015,Twin Lakes Pass,1.5,100,TRUE
2/5/2015,Highway to Heaven,0.5,50,FALSE
2/5/2015,Dog Lake area,0.3333333333333333,5,FALSE
2/4/2015,Suicide Chute,1,10,FALSE
2/4/2015,West Monitor,1,30,FALSE
1/26/2015,Preston peak,0.5,60,FALSE
1/25/2015,Meadows,0.5,50,FALSE
1/24/2015,Days Fork,0.16666666666666666,5,FALSE
1/19/2015,Murdock Peak,1.1666666666666667,25,FALSE
1/17/2015,Lambs,1,50,FALSE
1/17/2015,Mill Creek Canyon,1.1666666666666667,200,TRUE
1/17/2015,10420,0.6666666666666666,50,FALSE
1/16/2015,Little Water,1.5,50,FALSE
1/16/2015,Alexander Basin,0.8333333333333334,50,FALSE
1/15/2015,High Ivory,1.5,80,TRUE
1/14/2015,Diving Board,3,200,TRUE
1/14/2015,South Monitor Bowl,2,150,TRUE
1/14/2015,Alexander Basin,0.8333333333333334,40,FALSE
1/13/2015,Cardiff Bowl,0.4166666666666667,30,FALSE
1/13/2015,Toots to Boot,1,60,TRUE
1/12/2015,West Bowl,1.3333333333333333,50,FALSE
1/7/2015,Snake Creek,1,70,TRUE
1/6/2015,Murdock Peak,2,300,TRUE
1/3/2015,Snake Creek,0.25,125,FALSE
12/29/2014,Kessler Slabs,3,250,TRUE
12/27/2014,Wilson Glade,3,100,TRUE
12/26/2014,Dutch Draw,2.5,300,TRUE
12/26/2014,Dutch Draw,2.5,300,TRUE
12/22/2014,East Bowl,2,40,FALSE
12/22/2014,West Willow,1,1500,TRUE
12/22/2014,South Monitor Bowl,1.5,250,TRUE
12/22/2014,No Name Bowl,1.3333333333333333,125,TRUE
12/22/2014,South Monitor Bowl,1.1666666666666667,200,TRUE
12/22/2014,Pointy Peak,1.6666666666666667,200,TRUE
12/21/2014,White Pine,1,50,FALSE
12/21/2014,Dutch Draw,2,200,TRUE
12/21/2014,Bear Trap,1,60,TRUE
12/21/2014,Twin Lakes Pass,1,80,TRUE
12/21/2014,Twin Lakes Pass,0.5833333333333334,50,FALSE
12/21/2014,Twin Lakes Pass,0.8333333333333334,80,FALSE
12/19/2014,No Name Bowl,0.8333333333333334,20,FALSE
12/15/2014,Little Superior,0.5,20,FALSE
12/11/2014,Mongo no,1.1666666666666667,50,FALSE
11/29/2014,Birthday Chutes,2.5,50,FALSE
11/27/2014,Pioneer Ridge,2,50,FALSE
11/26/2014,Cardiac Ridge,3,60,TRUE
11/26/2014,Sunset Peak,2.5,900,TRUE
11/26/2014,Grizzly Gulch,6,150,TRUE
11/24/2014,Scotts Bowl,2.5,200,TRUE
11/23/2014,Days Fork,1.6666666666666667,500,TRUE
11/23/2014,West Monitor,1.5,700,TRUE
11/23/2014,No Name Bowl,1.5,800,TRUE
11/23/2014,South Monitor Bowl,1.5,200,TRUE
11/23/2014,Patsy Marly,0.16666666666666666,150,FALSE
11/23/2014,Park City Ridgeline,3,70,TRUE
11/23/2014,10420,1.5,200,TRUE
11/23/2014,Scotts Bowl,3,500,TRUE
11/18/2014,Cardiac Ridge,1.5,100,TRUE
11/15/2014,Devils Castle,1.1666666666666667,250,TRUE
11/15/2014,Sugarloaf,1.3333333333333333,400,TRUE
11/15/2014,Davenport Hill,1.5,200,TRUE
11/15/2014,Rocky Point,1.5,50,FALSE
11/15/2014,Catherine's Pass,1,20,FALSE
11/15/2014,Catherine's Pass,1.5,50,FALSE
11/15/2014,Catherine's Pass,1,60,TRUE
11/15/2014,Corner Chute,1,350,TRUE
11/15/2014,Pioneer Bowl,0.8333333333333334,800,FALSE
5/27/2014,Big Cottonwood Canyon,4,300,TRUE
5/19/2014,Big Willow,6,300,TRUE
5/18/2014,Park City Ridgeline,4,300,TRUE
4/29/2014,Red Pine Gulch,0.6666666666666666,175,FALSE
4/29/2014,Wolverine Cirque,1,40,FALSE
4/28/2014,Park City Ski Resort,0.5,50,FALSE
4/28/2014,West Bowl,1.5,50,FALSE
4/28/2014,Patsy Marly,1.5,250,TRUE
4/28/2014,Brighton,1.25,60,TRUE
4/28/2014,Scotties Bowl,1.25,150,TRUE
4/28/2014,Cardiff Bowl,1.1666666666666667,40,FALSE
4/28/2014,Days Fork,1.1666666666666667,400,TRUE
4/28/2014,Patsy Marly,1.25,50,FALSE
4/27/2014,Monitors,3,100,TRUE
4/27/2014,Little Superior,0.6666666666666666,100,FALSE
4/12/2014,Oquirrh Mountains,1.5,300,TRUE
4/11/2014,Stairs Gulch,3,50,FALSE
4/11/2014,Holy Toledo,2,900,TRUE
4/7/2014,Cardiff Pass,0.6666666666666666,30,FALSE
4/7/2014,Limber Pine,1.3333333333333333,40,FALSE
4/7/2014,Pfeifferhorn,0.8333333333333334,100,FALSE
4/2/2014,Banana Days,1.5,70,TRUE
4/1/2014,Cardiff Pass,1,100,TRUE
4/1/2014,Little Water,0.5,30,FALSE
4/1/2014,Gods Lawnmower,0.6666666666666666,30,FALSE
4/1/2014,Wolverine Cirque,1,200,TRUE
4/1/2014,Patsy Marly,1,80,TRUE
3/31/2014,Reynolds Pk,1,100,TRUE
3/31/2014,Scotties Bowl,0.8333333333333334,100,FALSE
3/29/2014,Mineral Fork,1.5,40,FALSE
3/29/2014,Banana Days,0.6666666666666666,10,FALSE
3/29/2014,Lake Peak,1,60,TRUE
3/28/2014,Room of Doom,1.8333333333333333,50,FALSE
3/28/2014,West Desolation Ridge,1.5,45,FALSE
3/27/2014,White Pine,1.1666666666666667,200,TRUE
3/27/2014,Dutch Draw,0.8333333333333334,200,FALSE
3/27/2014,Wolverine Cirque,1,50,FALSE
3/27/2014,Pink Pine,0.6666666666666666,50,FALSE
3/27/2014,Superior,1.3333333333333333,60,TRUE
3/27/2014,Pioneer Ridge,0.8333333333333334,50,FALSE
3/27/2014,Silver Fork,1.25,100,TRUE
3/27/2014,Squaretop,0.8333333333333334,20,FALSE
3/27/2014,Lake Peak,0.8333333333333334,175,FALSE
3/15/2014,Lake Peak,0.6666666666666666,60,FALSE
3/12/2014,Monte Cristo,0.3333333333333333,40,FALSE
3/12/2014,Two Trees,0.5,20,FALSE
3/8/2014,Broads Fork,4,45,FALSE
3/8/2014,Cardiac Bowl,0.5,40,FALSE
3/4/2014,Wilson Chutes,0.8333333333333334,15,FALSE
3/1/2014,Red Baldy,6,1000,TRUE
3/1/2014,Silver Fork,1.1666666666666667,80,TRUE
3/1/2014,Cardiff Fork,3.5,200,TRUE
3/1/2014,Red Pine Gulch,6,1000,TRUE
3/1/2014,Michigan City,1.3333333333333333,150,TRUE
2/28/2014,Cardiff Bowl,0.6666666666666666,40,FALSE
2/28/2014,Flagstaff Ridge,1,100,TRUE
2/28/2014,Lackawaxen,1,50,FALSE
2/28/2014,Lackawaxen,1.1666666666666667,350,TRUE
2/28/2014,Pink Pine,1,80,TRUE
2/28/2014,Big Cottonwood Canyon,1.1666666666666667,150,TRUE
2/28/2014,Two Dogs,1,100,TRUE
2/28/2014,Squaretop,0.8333333333333334,30,FALSE
2/28/2014,Catchers Mit,1.25,40,FALSE
2/27/2014,Patsy Marly,0.3333333333333333,100,FALSE
2/25/2014,Mineral Fork,2.5,50,FALSE
2/21/2014,Lake Desolation,4.5,175,TRUE
2/19/2014,west porter,2,350,TRUE
2/18/2014,Broads Fork,4,1000,TRUE
2/16/2014,Gobblers,3,200,TRUE
2/16/2014,Wilson Fork,3,250,TRUE
2/15/2014,Radar Love Bowl,4,400,TRUE
2/15/2014,Flagstaff Ridge,0.6666666666666666,100,FALSE
2/15/2014,Dutch Draw,2,50,FALSE
2/15/2014,Dutch Draw,2,50,FALSE
2/15/2014,Twin Lakes Pass,4,200,TRUE
2/14/2014,upper Days,4,40,FALSE
2/14/2014,Lake Desolation,5,200,TRUE
2/14/2014,Guild Line,3.5,150,TRUE
2/14/2014,West Monitor,3,40,FALSE
2/14/2014,Wolverine Cirque,0.5,300,FALSE
2/14/2014,Cardiac Bowl,6,1000,TRUE
2/13/2014,Scotts Peak,2,200,TRUE
2/12/2014,Lake Mary,3,35,FALSE
2/11/2014,Mars Hill,4,90,TRUE
2/11/2014,Mineral Fork,4,300,TRUE
2/11/2014,10420,1,100,TRUE
2/11/2014,Lake Mary,4,60,TRUE
2/10/2014,Grizzly Gulch,0.5,30,FALSE
2/10/2014,West Monitor,6,1000,TRUE
2/10/2014,Grizzly Gulch,1,60,TRUE
2/9/2014,South Squaretop,2,80,TRUE
2/9/2014,Little Water Peak,1.3333333333333333,150,TRUE
2/9/2014,Scotts Peak,0.16666666666666666,25,FALSE
2/9/2014,Upper Mill Creek,2,50,FALSE
2/8/2014,Tri-county Peak,3,300,TRUE
2/8/2014,Lookout Peak,2,125,TRUE
2/8/2014,White Pine,2,80,TRUE
2/8/2014,Summit Park,1.1666666666666667,80,TRUE
2/8/2014,Doughnut Falls,0.6666666666666666,40,FALSE
2/8/2014,Snake Creek,2,50,FALSE
2/8/2014,Red Rocks Chutes,2,350,TRUE
2/7/2014,Grizzly Gulch,0.6666666666666666,100,FALSE
2/7/2014,Scotts Peak,1.3333333333333333,70,TRUE
2/7/2014,Flagstaff Ridge,1.6666666666666667,100,TRUE
2/6/2014,Monte Cristo,0.8333333333333334,40,FALSE
2/6/2014,Argenta,0.75,50,FALSE
2/5/2014,White Pine,0.6666666666666666,25,FALSE
2/5/2014,Lake Peak,0.5,20,FALSE
2/5/2014,Porter Fork,1,30,FALSE
2/2/2014,High Ivory,0.75,350,FALSE
1/31/2014,Emma Ridges,0.8333333333333334,30,FALSE
1/31/2014,Sound of Music,0.6666666666666666,200,FALSE
1/31/2014,Snake Creek,0.8333333333333334,100,FALSE
1/30/2014,No Name Bowl,0.9166666666666666,80,FALSE
1/30/2014,Chicken Sh#! Ridge,1,30,FALSE
1/30/2014,Lackawaxen,0.8333333333333334,40,FALSE
1/20/2014,Raymond Slabs,3.5,125,TRUE
1/18/2014,No No Name,3,80,TRUE
1/12/2014,Catherines,2,200,TRUE
1/12/2014,Mineral Fork,3.5,80,TRUE
1/11/2014,Gobblers,1.3333333333333333,150,TRUE
1/10/2014,Cardiac Ridge,2,60,TRUE
1/10/2014,Ivory Flakes,2,50,FALSE
1/10/2014,West Desolation Ridge,0.8333333333333334,60,FALSE
1/10/2014,South Monitor Bowl,3.5,200,TRUE
1/10/2014,Depth Hoar Bowl,0.5,250,FALSE
1/10/2014,No Name Bowl,0.16666666666666666,150,FALSE
1/10/2014,Tuscarora,2,100,TRUE
1/10/2014,Raymond Peak,1.5,150,TRUE
1/9/2014,Alexander Basin,1,35,FALSE
1/9/2014,Reynolds Peak,0.8333333333333334,100,FALSE
1/9/2014,Reynolds Peak,1,40,FALSE
1/5/2014,Monitors,1.25,15,FALSE
12/25/2013,Hide A Way Park,1.5,50,FALSE
12/21/2013,Meadows,2,50,FALSE
12/20/2013,Dutch Draw,2.5,100,TRUE
12/20/2013,Pioneer Ridge,2,60,TRUE
12/20/2013,White Pine Canyon,2,50,FALSE
12/20/2013,White Pine Canyon,2,35,FALSE
12/19/2013,South Monitor Bowl,1.5833333333333333,25,FALSE
12/19/2013,West Monitor,1.25,15,FALSE
12/19/2013,Scotts Bowl,1,50,FALSE
12/19/2013,Davenport Hill,1,150,TRUE
12/19/2013,Dutch Draw,2,40,FALSE
12/19/2013,Silver Fork,0.16666666666666666,40,FALSE
12/14/2013,Holy Toledo,1.25,60,TRUE
12/14/2013,Patsy Marly,1.5,40,FALSE
12/14/2013,Silver Fork,1,20,FALSE
12/10/2013,Cardiac Ridge,1.3333333333333333,45,FALSE
12/9/2013,Two Dogs,0.8333333333333334,150,FALSE
12/9/2013,upper Days,0.16666666666666666,50,FALSE
12/9/2013,Park City area mountians,2,35,FALSE
12/8/2013,White Pine,1.5,90,TRUE
12/8/2013,Days Fork,1.25,20,FALSE
12/8/2013,Pioneer Ridge,1,125,TRUE
12/8/2013,Sunset Peak,1.0833333333333333,125,TRUE
12/8/2013,Corner Chute,2,40,FALSE
12/8/2013,Davenport Hill,3,60,TRUE
12/7/2013,East Bowl,0.5,100,FALSE
12/7/2013,Raymond Peak,1.6666666666666667,50,FALSE
12/7/2013,Cardiff Bowl,0.5,20,FALSE
12/7/2013,Butler Basin,0.6666666666666666,500,FALSE
12/6/2013,Rocky Point,1.5,25,FALSE
12/5/2013,West Monitor,0.5,25,FALSE
12/5/2013,Rocky Point,0.6666666666666666,80,FALSE
12/4/2013,10420,2,60,TRUE
12/4/2013,Scotts Peak,1.3333333333333333,100,TRUE
12/3/2013,Evergreen Ridge,1,100,TRUE
12/3/2013,Salt Lake,0.5,25,FALSE
12/3/2013,10420,0.3333333333333333,400,FALSE
12/3/2013,Park City Ski Resort,0.6666666666666666,60,FALSE
12/3/2013,Park City Ridgeline,1.3333333333333333,80,TRUE
12/3/2013,Evergreen Ridge,1,60,TRUE
12/3/2013,Scotts Bowl,0.8333333333333334,50,FALSE
12/3/2013,Dog Lake Chutes,0.3333333333333333,35,FALSE
11/24/2013,Davenport Hill,1.5,60,TRUE
11/17/2013,Sunset Peak,2,45,FALSE
11/17/2013,Patsy Marly,4,60,TRUE
11/17/2013,Twin Lakes Pass,0.16666666666666666,25,FALSE
11/17/2013,Deer Valley,2.5,40,FALSE
11/16/2013,Alta Periphery,0.5,15,FALSE
11/16/2013,Rocky Point,0.6666666666666666,60,FALSE
11/6/2013,Mt Baldy,2,200,TRUE
10/29/2013,Collins Gulch,0.8333333333333334,60,FALSE
10/29/2013,Collins Gulch,0.8333333333333334,30,FALSE
10/29/2013,Pioneer Bowl,1,500,TRUE
10/29/2013,Brighton,0.8333333333333334,50,FALSE
5/19/2013,Snowbird Ski Resort,1.25,5,FALSE
5/5/2013,Pfeifferhorn,1.5,150,TRUE
5/5/2013,Broads Fork,4,200,TRUE
4/21/2013,Seagull,1,70,TRUE
4/21/2013,Little Superior,0.6666666666666666,90,FALSE
4/21/2013,Mt Olympus,0.5,40,FALSE
4/20/2013,Twin Lakes Pass,0.8333333333333334,150,FALSE
4/20/2013,Rocky Point,1.1666666666666667,500,TRUE
4/20/2013,MacDonalds Draw,0.5,40,FALSE
4/20/2013,Cardiff Pass,0.6666666666666666,200,FALSE
4/20/2013,Raymond Glade,0.6666666666666666,100,FALSE
4/11/2013,Cardiff Pass,0.75,60,FALSE
4/10/2013,West Monitor,0.8333333333333334,30,FALSE
4/9/2013,Claytons,0.8333333333333334,175,FALSE
4/9/2013,Toledo Bowl,1.5,200,TRUE
4/9/2013,Grizzly Gulch,0.75,30,FALSE
4/2/2013,Patsy Marly,1,50,FALSE
4/2/2013,Cardiff Peak,1.3333333333333333,60,TRUE
3/24/2013,Dromedary Peak,1.75,100,TRUE
3/24/2013,Santiago,1.25,100,TRUE
3/23/2013,Flanigans,1,30,FALSE
3/23/2013,West Monitor,1.8333333333333333,40,FALSE
3/23/2013,Banana Days,1,25,FALSE
3/23/2013,Little Superior,0.75,60,FALSE
3/23/2013,Days Headwall,0.5,80,FALSE
3/23/2013,Oingo Boingo,0.5,50,FALSE
3/23/2013,Catchers Mit,1.6666666666666667,60,TRUE
3/23/2013,Meadows,0.8333333333333334,80,FALSE
3/22/2013,Banana Days,10,100,TRUE
3/21/2013,Key hole,0.9166666666666666,35,FALSE
3/21/2013,Pioneer Peak,0.8333333333333334,50,FALSE
3/21/2013,Mill B South,0.8333333333333334,25,FALSE
3/21/2013,Hypodermic Needle,1.6666666666666667,60,TRUE
3/20/2013,Upper Days,0.6666666666666666,150,FALSE
3/15/2013,West Monitor,3,175,TRUE
3/11/2013,The Fang,0.5,20,FALSE
3/10/2013,West Willow,1.25,100,TRUE
3/10/2013,Superior,0.3333333333333333,80,FALSE
3/10/2013,The Fang,0.5,10,FALSE
3/10/2013,Catherine's Pass,1,50,FALSE
3/9/2013,Shale Shot,1.5,30,FALSE
3/9/2013,Alexander Basin,2.5,35,FALSE
3/9/2013,Little Pine,0.4166666666666667,40,FALSE
3/5/2013,Superior,0.8333333333333334,100,FALSE
3/5/2013,Superior,0.25,20,FALSE
3/4/2013,Jaws,0.6666666666666666,50,FALSE
3/4/2013,Reynolds Peak,0.5,50,FALSE
3/4/2013,Superior,1.3333333333333333,150,TRUE
3/4/2013,Cardiac Ridge,0.8333333333333334,60,FALSE
3/4/2013,Dutch Draw,0.6666666666666666,40,FALSE
3/4/2013,Summit Park,2.5,175,TRUE
3/3/2013,Cardiff Fork,0.6666666666666666,20,FALSE
3/2/2013,Main Porter,2,30,FALSE
2/28/2013,Wyatt Couloir,1.3333333333333333,100,TRUE
2/26/2013,Shale Shot,1,40,FALSE
2/25/2013,Hellgate,1,50,FALSE
2/24/2013,Back Bowls,1.1666666666666667,125,TRUE
2/24/2013,Canyons side country,0.6666666666666666,200,FALSE
2/24/2013,Tuscarora,1.5,100,TRUE
2/24/2013,Back Bowls,1.1666666666666667,70,TRUE
2/24/2013,Toledo Bowl,0.8333333333333334,150,FALSE
2/19/2013,Red Pine Gulch,1.5,70,TRUE
2/19/2013,Hogum,0.4166666666666667,100,FALSE
2/19/2013,Hogum,1.6666666666666667,100,TRUE
2/17/2013,Session Mountains,1,40,FALSE
2/17/2013,Little Water Peak,0.4166666666666667,200,FALSE
2/16/2013,Cardiff Fork,1.3333333333333333,40,FALSE
2/15/2013,Emma Ridges,0.4166666666666667,20,FALSE
2/14/2013,Maybird Gulch,1.3333333333333333,60,TRUE
2/12/2013,Little Superior,1,30,FALSE
2/3/2013,Park City Ridgeline,1.5,80,TRUE
2/2/2013,Upper Days,2.5,50,FALSE
2/1/2013,Sun Dial,2.5,300,TRUE
2/1/2013,Little Willow,1.25,175,TRUE
2/1/2013,Little Willow,1.25,150,TRUE
1/31/2013,Bear Trap,1.5,60,TRUE
1/31/2013,South Monitor,2,400,TRUE
1/30/2013,Reynolds Peak,3,40,FALSE
1/28/2013,Back Bowls,3,80,TRUE
1/28/2013,Back Bowls,0.25,100,FALSE
1/28/2013,Maybird Gulch,2,200,TRUE
1/27/2013,West Desolation Ridge,1,40,FALSE
1/26/2013,Red Pine Gulch,1.1666666666666667,40,FALSE
1/26/2013,Red Baldy,1,125,TRUE
1/18/2013,Grandview Peak,1,50,FALSE
1/17/2013,Cardiac Ridge,0.5,20,FALSE
1/15/2013,Little Superior,2.5,400,TRUE
1/12/2013,Scotties Bowl,0.9166666666666666,80,FALSE
1/12/2013,Broads Fork,2,300,TRUE
1/12/2013,West Willow,1,30,FALSE
1/12/2013,Mt Aire,1.5,100,TRUE
1/12/2013,Mt Aire,1.6666666666666667,70,TRUE
1/12/2013,Antelope Island,1.5,20,FALSE
1/11/2013,Diving Board,2.5,300,TRUE
1/11/2013,Alexander Basin,1.5,50,FALSE
1/9/2013,Lewis Peak,3,100,TRUE
1/2/2013,Shale Shot,1,50,FALSE
1/1/2013,Pt. Supreme,1,40,FALSE
12/28/2012,Lackawaxen,1,100,TRUE
12/28/2012,Lake Mary Chutes,1.1666666666666667,20,FALSE
12/28/2012,Alexander Chutes,1.5,50,FALSE
12/28/2012,Gobblers Knob,2,175,TRUE
12/28/2012,Gobblers Knob,2,100,TRUE
12/27/2012,Kessler,3,50,FALSE
12/27/2012,Days Fork,1.1666666666666667,60,TRUE
12/27/2012,Cinder Chutes,1,30,FALSE
12/26/2012,White Pine,2.5,50,FALSE
12/23/2012,Cardiff Fork,4.5,35,FALSE
12/23/2012,Murdock Peak,2,70,TRUE
12/19/2012,Dutch Draw,2.5,300,TRUE
12/18/2012,Lackawaxen,3,80,TRUE
12/18/2012,Millicent Peak,3.5,250,TRUE
12/17/2012,Millicent Peak,2,50,FALSE
12/17/2012,Brighton Hill,0.8333333333333334,5,FALSE
12/17/2012,MacDonalds Draw,3,200,TRUE
12/17/2012,Bullen Basin,3,80,TRUE
12/15/2012,Sound of Music,1.1666666666666667,50,FALSE
12/14/2012,Cardiac Bowl,1.1666666666666667,20,FALSE
12/14/2012,Two Dogs,2.5,60,TRUE
12/14/2012,Millicent Peak,4,300,TRUE
12/13/2012,Cardiff Fork,3,50,FALSE
12/11/2012,MacDonalds Draw,2,100,TRUE
12/11/2012,Jupiter,1.5,500,TRUE
12/10/2012,Little Water Peak,1.5,250,TRUE
12/9/2012,Reynolds Peak,1.5,150,TRUE
12/9/2012,Squaretop,1.3333333333333333,100,TRUE
12/8/2012,Banana Days,2,60,TRUE
11/29/2012,Snake Creek,0.5,15,FALSE
11/12/2012,Silver Fork Headwall,2.5,60,TRUE
11/11/2012,Sunset Peak,3.5,1500,TRUE
11/11/2012,Emma Ridges,1.5,50,FALSE
11/11/2012,Two Dogs,3,70,TRUE
11/11/2012,Patsy Marly,2.5,100,TRUE
11/10/2012,Pioneer Ridge,2,20,FALSE
11/10/2012,Grizzly Gulch,2,125,TRUE
11/9/2012,Sunset Peak,1.1666666666666667,80,TRUE
4/27/2012,Little Cottonwood Canyon,4,150,TRUE
4/23/2012,Gods Lawnmower,3,250,TRUE
4/15/2012,Scotts Bowl,0.8333333333333334,300,FALSE
4/13/2012,Squaretop,0.6666666666666666,80,FALSE
4/8/2012,Banana Days,0.5,20,FALSE
3/20/2012,Wall of Voodoo,3,70,TRUE
3/19/2012,Gods Lawnmower,3,350,TRUE
3/12/2012,Canyons side country,0.8333333333333334,35,FALSE
3/9/2012,Holy Toledo,2,250,TRUE
3/5/2012,Pinecone Ridge,1,200,TRUE
3/4/2012,Mountain Dell Canyon,1.5,1000,TRUE
3/4/2012,Meadows,2,100,TRUE
3/4/2012,Butler Basin,1.6666666666666667,80,TRUE
3/4/2012,Davenport Hill,2.5,900,TRUE
3/4/2012,Patsy Marly,3,300,TRUE
3/4/2012,Lake Mary,0.75,50,FALSE
3/4/2012,Park City Ridgeline,4.5,700,TRUE
3/4/2012,Mt Aire,2,200,TRUE
3/4/2012,Flagstaff Ridge,2.5,350,TRUE
3/4/2012,Toll Canyon,2,300,TRUE
3/4/2012,Kessler Peak,1,100,TRUE
3/3/2012,west porter,2.5,300,TRUE
3/3/2012,Mt Aire,2,100,TRUE
3/3/2012,West Monitor,2,100,TRUE
3/3/2012,Mineral Fork,2,150,TRUE
3/3/2012,Reynolds Peak,1.1666666666666667,70,TRUE
3/3/2012,Lambs Canyon,3,350,TRUE
3/3/2012,Reynolds East Face Shoulder,3,300,TRUE
3/2/2012,Bear Trap,1.6666666666666667,150,TRUE
3/2/2012,South Face of Reynolds,1.5,200,TRUE
3/2/2012,Silver Fork,2.5,150,TRUE
3/2/2012,West Bowl,2,250,TRUE
3/1/2012,Brighton Perimeter,3,80,TRUE
3/1/2012,Canyons side country,2,80,TRUE
3/1/2012,Monitors,3,900,TRUE
3/1/2012,Brighton Perimeter,2,350,TRUE
3/1/2012,Meadows,2,150,TRUE
3/1/2012,Hidden Canyon,0.5,30,FALSE
2/29/2012,Tuscarora,5,300,TRUE
2/28/2012,Alexander Basin,0.6666666666666666,200,FALSE
2/28/2012,South Monitor Bowl,1.5,150,TRUE
2/28/2012,Summit Park,2.5,100,TRUE
2/28/2012,East Bowl,1,200,TRUE
2/28/2012,Davenport Hill,2.5,100,TRUE
2/28/2012,Main Porter,0.8333333333333334,150,FALSE
2/26/2012,Days Fork,1,125,TRUE
2/26/2012,Cardiff Pass,1,175,TRUE
2/24/2012,Murdock Pk,0.08333333333333333,90,FALSE
2/24/2012,Argenta,4,600,TRUE
2/24/2012,"White Pine Canyon, North Fork",2,200,TRUE
2/23/2012,Monitors,1.5,45,FALSE
2/23/2012,Mickey Mouse Mine,2.5,80,TRUE
2/21/2012,Dog Lake area,0.4166666666666667,60,FALSE
2/20/2012,West Bowl,0.8333333333333334,50,FALSE
2/20/2012,Pine Cone Ridge,2.5,300,TRUE
2/20/2012,Lowe Peak,0.6666666666666666,70,FALSE
2/19/2012,Tri-county Peak,0.16666666666666666,30,FALSE
2/13/2012,Pink Pine,1.1666666666666667,35,FALSE
2/13/2012,Mill B South,2,300,TRUE
2/12/2012,West Monitor,1,300,TRUE
2/12/2012,Twin Lakes Pass,0.5833333333333334,100,FALSE
2/12/2012,No No Name,0.6666666666666666,500,FALSE
1/29/2012,Two Dogs,2,400,TRUE
1/29/2012,Tuscarora,3.5,70,TRUE
1/29/2012,Lake Desolation,1.5,125,TRUE
1/28/2012,Porter Fork,3,200,TRUE
1/28/2012,Holy Toledo,2,80,TRUE
1/27/2012,Red Cliffs,3,100,TRUE
1/27/2012,Toledo Chutes,1,35,FALSE
1/27/2012,Days Fork,3,200,TRUE
1/27/2012,Cardiff Peak,3,150,TRUE
1/27/2012,Ivory Slabs,3,200,TRUE
1/24/2012,Bear Trap,2,70,TRUE
1/24/2012,South Square Chutes,3,200,TRUE
1/23/2012,Happy Days,2.5,45,FALSE
1/23/2012,West Monitor,4,150,TRUE
1/22/2012,No No Name,1.5,70,TRUE
1/22/2012,Limelight Bowl,2,350,TRUE
1/22/2012,Hidden Canyon,5,80,TRUE
1/22/2012,Happy Days,2.5,40,FALSE
1/21/2012,Bear Trap,1.25,350,TRUE
1/21/2012,Lake Desolation,1.6666666666666667,1500,TRUE
1/21/2012,Summit Park,1.6666666666666667,150,TRUE
1/21/2012,West Willow,1.1666666666666667,175,TRUE
1/21/2012,Short Swing,2,500,TRUE
1/21/2012,Mill D North,1.5,50,FALSE
1/20/2012,No Name Bowl,2,300,TRUE
1/20/2012,Claytons,3,150,TRUE
1/20/2012,Flagstaff Gully,1.1666666666666667,70,TRUE
1/20/2012,Twin Lakes Pass,3.5,350,TRUE
1/20/2012,Highway to Heaven,1,80,TRUE
1/20/2012,Hidden Canyon,3.5,125,TRUE
1/20/2012,White Pine Canyon,1.6666666666666667,100,TRUE
1/20/2012,Toms Hill,1.0833333333333333,250,TRUE
1/20/2012,Davenport Hill,1.3333333333333333,500,TRUE
1/20/2012,East Bowl,1.3333333333333333,80,TRUE
1/20/2012,Short Swing,1,40,FALSE
1/20/2012,Reynolds Pk,1.1666666666666667,60,TRUE
1/20/2012,Soldier Fork,1.5,800,TRUE
1/20/2012,Grizzly Gulch,1.1666666666666667,500,TRUE
1/20/2012,Big Water,1.3333333333333333,100,TRUE
1/20/2012,Days Fork,1.3333333333333333,2500,TRUE
1/20/2012,Big Water,1.5,60,TRUE
1/19/2012,Silver Fork Headwall,1.3333333333333333,1500,TRUE
1/19/2012,Canyons side country,0.5,300,FALSE
1/19/2012,Patsy Marly,1.25,150,TRUE
1/19/2012,10420,1.5,20,FALSE
1/19/2012,10420,0.6666666666666666,70,FALSE
1/19/2012,West Monitor,1.1666666666666667,500,TRUE
1/19/2012,Red Pine Gulch,3,60,TRUE
1/19/2012,Reynolds East Face,1,600,TRUE
1/19/2012,Scotts Peak,0.5833333333333334,100,FALSE
1/19/2012,Twin Lakes Pass,1.8333333333333333,1500,TRUE
1/19/2012,Gobblers,1,300,TRUE
1/15/2012,Silver Fork,0.3333333333333333,60,FALSE
1/11/2012,Twin Lakes area,1.5,60,TRUE
1/9/2012,Scotts Bowl,0.6666666666666666,30,FALSE
1/8/2012,Cardiff Bowl,0.6666666666666666,45,FALSE
1/3/2012,Little Water Peak,1,70,TRUE
1/2/2012,No Name Bowl,1,25,FALSE
1/2/2012,Maybird Gulch,0.8333333333333334,60,FALSE
1/2/2012,Scotts Bowl,2,150,TRUE
12/31/2011,West Bowl,1,100,TRUE
12/31/2011,West Monitor,1.25,175,TRUE
12/31/2011,Brighton,0.6666666666666666,60,FALSE
12/30/2011,Cardiff Fork,1,40,FALSE
12/26/2011,West Desolation Ridge,0.75,60,FALSE
12/26/2011,Claytons,0.6666666666666666,20,FALSE
12/26/2011,Hidden Canyon,0.3333333333333333,40,FALSE
12/23/2011,Cardiac Bowl,0.8333333333333334,25,FALSE
12/22/2011,Cardiff Bowl,1,20,FALSE
12/22/2011,West Monitor,1.5,40,FALSE
12/17/2011,Salt Lake,0.6666666666666666,30,FALSE
12/17/2011,Pioneer Ridge,0.5,35,FALSE
11/25/2011,Hidden Canyon,2,80,TRUE
11/20/2011,Pioneer Ridge,3,200,TRUE
11/20/2011,Grizzly Gulch,3.5,20,FALSE
11/20/2011,Little Cottonwood Canyon,3,150,TRUE
11/19/2011,Pioneer Peak,2.5,125,TRUE
11/19/2011,East Bowl,1.8333333333333333,175,TRUE
11/14/2011,Salt Lake,1,80,TRUE
11/13/2011,Baldy,1.6666666666666667,100,TRUE
11/13/2011,Twin Lakes Pass,1.5,40,FALSE
11/13/2011,Twin Lakes Pass,1.6666666666666667,40,FALSE
11/13/2011,Grizzly Gulch,1,250,TRUE
11/13/2011,West Bowl,1.5,400,TRUE
11/13/2011,Baldy,2.5,15,FALSE
11/13/2011,Baldy,2.5,15,FALSE
11/13/2011,Alta Ski Area,1.6666666666666667,45,FALSE
11/13/2011,Davenport Hill,1,80,TRUE
11/13/2011,Rocky Point,1.3333333333333333,250,TRUE
11/13/2011,Monitors,1.1666666666666667,80,TRUE
11/12/2011,Catherines,1,40,FALSE
11/12/2011,Days Fork,0.5,60,FALSE
11/12/2011,Gad Valley,1,100,TRUE
11/7/2011,Scotts Bowl,0.6666666666666666,80,FALSE
11/6/2011,Collins Gulch,1,15,FALSE
6/2/2011,Superior,0.5,40,FALSE
5/20/2011,Emma Ridges,0.6666666666666666,50,FALSE
5/20/2011,Park City,0.6666666666666666,10,FALSE
5/17/2011,Grizzly Gulch,0.75,15,FALSE
4/27/2011,Scotties Bowl,0.08333333333333333,70,FALSE
4/27/2011,Kessler Peak,0.5,40,FALSE
4/27/2011,Little Superior,1.5,500,TRUE
4/26/2011,Scotties Bowl,0.5,30,FALSE
4/26/2011,Patsy Marly,0.75,350,FALSE
4/26/2011,Park City area mountians,0.9166666666666666,150,FALSE
4/26/2011,Patsy Marly,1.3333333333333333,150,TRUE
4/22/2011,Gobblers Knob,4,100,TRUE
4/22/2011,Days Fork,0.8333333333333334,150,FALSE
4/22/2011,Murdock Peak,0.6666666666666666,30,FALSE
4/22/2011,West Bowl,1,60,TRUE
4/21/2011,Flagstaff Ridge,0.6666666666666666,100,FALSE
4/19/2011,Mill B South,5,250,TRUE
4/19/2011,Tuscarora,0.8333333333333334,90,FALSE
4/19/2011,Honeycomb,1,60,TRUE
4/19/2011,Flagstaff Ridge,0.8333333333333334,35,FALSE
4/18/2011,Twin Lakes area,1,60,TRUE
4/16/2011,White Pine Lake,1,60,TRUE
4/14/2011,Scotties Bowl,0.5,20,FALSE
4/14/2011,Catchers Mit,1,150,TRUE
4/14/2011,Cardiff Peak,1.25,30,FALSE
4/10/2011,Brighton Perimeter,0.8333333333333334,400,FALSE
4/8/2011,Squaretop,0.5,25,FALSE
4/8/2011,Big Cottonwood Canyon,0.6666666666666666,20,FALSE
4/8/2011,Argenta,1,10,FALSE
4/6/2011,Emma Ridges,0.3333333333333333,100,FALSE
4/4/2011,Broads Fork,4,70,TRUE
3/31/2011,Superior,0.3333333333333333,80,FALSE
3/29/2011,Banana Days,2,20,FALSE
3/29/2011,Brighton Perimeter,1.3333333333333333,60,TRUE
3/27/2011,Pink Pine,0.5,100,FALSE
3/26/2011,Cinder Chutes,0.75,200,FALSE
3/26/2011,Reynolds Pk,0.4166666666666667,150,FALSE
3/25/2011,Hogum,1.5,125,TRUE
3/25/2011,Mineral Fork,5,60,TRUE
3/25/2011,Scotties Bowl,0.5,20,FALSE
3/24/2011,Under Mt. Gog  East,1,100,TRUE
3/22/2011,Alta Periphery,0.8333333333333334,200,FALSE
3/22/2011,Wolverine,1,10,FALSE
3/21/2011,Mineral Fork,4,500,TRUE
3/20/2011,Pioneer Ridge,0.8333333333333334,60,FALSE
3/20/2011,Hide A Way Park,1,50,FALSE
3/20/2011,Mill D North,0.5,15,FALSE
3/20/2011,Rocky Point,0.5833333333333334,100,FALSE
3/19/2011,Summit Park,0.8333333333333334,50,FALSE
3/19/2011,Silver Fork,2,200,TRUE
3/18/2011,Banana Days,0.5,25,FALSE
3/18/2011,Porter Fork,1.3333333333333333,70,TRUE
3/17/2011,Park City area mountians,2.5,300,TRUE
3/16/2011,Broads Fork,7,200,TRUE
3/16/2011,White Pine,6,300,TRUE
3/13/2011,Tuscarora,0.8333333333333334,70,FALSE
3/13/2011,Superior,0.5,60,FALSE
3/11/2011,Kessler Peak,0.6666666666666666,10,FALSE
3/9/2011,Scotties Bowl,2,60,TRUE
3/9/2011,lake Peak,1.3333333333333333,125,TRUE
3/8/2011,Wilson Glade,1.75,50,FALSE
3/8/2011,Sound of Music,1.5,300,TRUE
3/8/2011,Foothills,1.3333333333333333,20,FALSE
3/8/2011,Sound of Music,0.16666666666666666,200,FALSE
3/7/2011,Patsy Marly,1.3333333333333333,30,FALSE
3/7/2011,Highway to Heaven,0.8333333333333334,50,FALSE
3/6/2011,Silver Fork,0.6666666666666666,30,FALSE
3/3/2011,Pioneer Ridge,0.8333333333333334,30,FALSE
3/2/2011,Pink Pine,0.25,30,FALSE
3/2/2011,Maybird Gulch,3.5,400,TRUE
3/1/2011,Brighton Perimeter,2,100,TRUE
2/28/2011,Corn Bowl,0.16666666666666666,25,FALSE
2/28/2011,North Kessler,0.6666666666666666,40,FALSE
2/28/2011,Patsy Marly,1.5,60,TRUE
2/28/2011,Figure 8 Hill,0.5,250,FALSE
2/28/2011,Albion Basin,5,150,TRUE
2/23/2011,Argenta,3.5,200,TRUE
2/23/2011,Lewis Peak,8,300,TRUE
2/21/2011,Lambs Canyon,2.5,400,TRUE
2/20/2011,Claytons,1.25,70,TRUE
2/20/2011,Grandview Peak,2.5,150,TRUE
2/20/2011,Broads Fork,4,1500,TRUE
2/20/2011,No Name Bowl,3,200,TRUE
2/20/2011,Lambs Canyon,2.5,150,TRUE
2/20/2011,Mt Aire,2,200,TRUE
2/19/2011,East Bowl,1,400,TRUE
2/14/2011,Upper-West Bell,1.5,20,FALSE
2/14/2011,White Pine,1.25,150,TRUE
2/8/2011,West Monitor,1,15,FALSE
2/6/2011,Park City Ridgeline,0.4166666666666667,25,FALSE
2/6/2011,Wolverine,1.1666666666666667,125,TRUE
2/5/2011,Lower  Days,0.75,70,FALSE
2/3/2011,Claytons,2.5,60,TRUE
2/3/2011,upper Days,1.5,40,FALSE
2/1/2011,Pink Pine,1,40,FALSE
1/30/2011,White Pine,0.6666666666666666,70,FALSE
1/26/2011,Little Superior,1,60,TRUE
1/24/2011,Brighton Perimeter,1.5,70,TRUE
1/22/2011,lake Peak,1.3333333333333333,100,TRUE
1/22/2011,White Pine,1,50,FALSE
1/22/2011,White Pine Canyon,1.5,125,TRUE
1/22/2011,South Monitor Bowl,1.6666666666666667,100,TRUE
1/22/2011,West Monitor,1.6666666666666667,100,TRUE
1/19/2011,Days Draw,1,50,FALSE
1/17/2011,Millie Back Bowls,0.8333333333333334,300,FALSE
1/16/2011,Reynolds Peak,1,60,TRUE
1/15/2011,West Desolation Ridge,0.5,25,FALSE
1/14/2011,Wilson Fork,0.5,30,FALSE
1/14/2011,Alexander Basin,0.5833333333333334,60,FALSE
1/14/2011,Lackawaxen,0.5,80,FALSE
1/14/2011,Porter Fork,0.5,25,FALSE
1/6/2011,Superior,0.5833333333333334,70,FALSE
1/1/2011,Dutch Draw,0.75,45,FALSE
12/31/2010,Davenport Hill,0.4166666666666667,30,FALSE
12/31/2010,West Hellgate,2,40,FALSE
12/31/2010,Figure 8 Hill,0.5,35,FALSE
12/30/2010,Flagstaff Gully,0.8333333333333334,50,FALSE
12/29/2010,Dog Lake Chutes,1.5,125,TRUE
12/29/2010,Rocky Point,1.6666666666666667,150,TRUE
12/29/2010,Mary Lake Ridge,3,200,TRUE
12/27/2010,Dromedary Peak,0.8333333333333334,60,FALSE
12/25/2010,Wolverine Peak,0.8333333333333334,50,FALSE
12/23/2010,Bonanza Flats,0.8333333333333334,40,FALSE
12/22/2010,Willows,1,200,TRUE
12/22/2010,West Monitor,0.6666666666666666,200,FALSE
12/22/2010,West Willow,0.6666666666666666,300,FALSE
12/21/2010,Willows,0.8333333333333334,30,FALSE
12/20/2010,Rips Ridge,1.5,300,TRUE
12/19/2010,Brighton Perimeter,1,600,TRUE
12/19/2010,Emma Ridges,1,60,TRUE
12/19/2010,Twin Lakes Pass,1.5,200,TRUE
12/18/2010,Red Baldy,1.3333333333333333,80,TRUE
12/18/2010,Hallway Couloir,0.5833333333333334,20,FALSE
12/16/2010,All areas,0.25,40,FALSE
12/12/2010,Cardiac Ridge,0.8333333333333334,50,FALSE
12/10/2010,Hellgate,0.6666666666666666,40,FALSE
12/7/2010,Brighton Perimeter,0.8333333333333334,40,FALSE
11/29/2010,Catherines,0.6666666666666666,80,FALSE
11/29/2010,Little Superior,1.6666666666666667,80,TRUE
11/29/2010,Salt Lake foothills,1,15,FALSE
11/29/2010,Toledo Chutes,0.8333333333333334,100,FALSE
11/28/2010,Davenport Hill,0.6666666666666666,35,FALSE
11/28/2010,Cardiff Fork,0.25,20,FALSE
11/22/2010,Lackawaxen,5,700,TRUE
11/21/2010,West Ridge 1,2,80,TRUE
11/21/2010,West Ridge 2,2,150,TRUE
11/21/2010,West Ridge 3,2,125,TRUE
11/21/2010,Davenport Hill,0.8333333333333334,80,FALSE
11/21/2010,Meadows,1,50,FALSE
11/21/2010,Hidden Canyon,1.5,60,TRUE
11/20/2010,Days Headwall,1.5,100,TRUE
11/20/2010,Silver Fork,1,30,FALSE
11/18/2010,Hidden Canyon,0.8333333333333334,70,FALSE
11/16/2010,Rhino,1.5,100,TRUE
11/16/2010,Tri-county Peak,3,200,TRUE
11/16/2010,Scotts Bowl,1.5,300,TRUE
11/11/2010,Red Baldy,1,50,FALSE
5/24/2010,Emma Ridges,1.25,60,TRUE
4/29/2010,Salt Lake,1.1666666666666667,100,TRUE
4/7/2010,Neffs,2,250,TRUE
4/6/2010,Circle Awl,1,350,TRUE
4/6/2010,Park City Ridgeline,3,200,TRUE
4/4/2010,Cardiac Bowl,0.8333333333333334,45,FALSE
4/4/2010,Butler Fork,1,40,FALSE
4/4/2010,West Monitor,2,40,FALSE
4/3/2010,Emma Ridges,1,50,FALSE
4/3/2010,Wilson Chutes,0.6666666666666666,50,FALSE
4/3/2010,Salt Lake,1.3333333333333333,100,TRUE
4/3/2010,Reynolds Pk,1.5,90,TRUE
4/3/2010,Park City Ridgeline,1.5,50,FALSE
4/3/2010,Flanigans,0.8333333333333334,20,FALSE
4/3/2010,north ridge,1,200,TRUE
4/2/2010,Holy Toledo,1,10,FALSE
4/2/2010,East Mineral,1.6666666666666667,50,FALSE
4/2/2010,Park City Ridgeline,1.5,50,FALSE
4/1/2010,Cardiac Bowl,1.5,300,TRUE
4/1/2010,Salt Lake,1.5,50,FALSE
3/31/2010,Days Headwall,0.6666666666666666,100,FALSE
3/31/2010,Hide A Way Park,0.6666666666666666,100,FALSE
3/31/2010,Salt Lake,1,700,TRUE
3/19/2010,Little Cottonwood Canyon,4,100,TRUE
3/17/2010,Maybird Gulch,1.5,100,TRUE
3/14/2010,Stairs Gulch,3,200,TRUE
3/14/2010,Diving Board,7,100,TRUE
3/12/2010,Little Superior,2,50,FALSE
3/9/2010,Stairs Gulch,3,1000,TRUE
3/9/2010,Diving Board,2,250,TRUE
3/8/2010,Y Coulior,1,20,FALSE
3/7/2010,Summit Park,1.5,125,TRUE
3/7/2010,Argenta,1,10,FALSE
3/7/2010,Soldier Fork,1.5,100,TRUE
3/6/2010,Banana Days,1.3333333333333333,30,FALSE
3/6/2010,west porter,2,100,TRUE
3/6/2010,Millicent Back Bowl,0.6666666666666666,200,FALSE
3/6/2010,Cardiff Fork,0.8333333333333334,40,FALSE
3/6/2010,Main Days,1,40,FALSE
3/5/2010,Broads Fork,1.5,80,TRUE
3/5/2010,Broads Fork,2,20,FALSE
3/5/2010,Lambs,2,70,TRUE
3/5/2010,Hidden Canyon,1.5,80,TRUE
3/5/2010,Eeeny Meeny Miny Moe,1.6666666666666667,100,TRUE
3/5/2010,Big Water,2,200,TRUE
3/5/2010,Cardiff Peak,0.5,50,FALSE
3/5/2010,Short Swing,2,50,FALSE
3/3/2010,Salt Lake,2,90,TRUE
3/1/2010,Bells Canyon,2.5,70,TRUE
3/1/2010,Monitors,0.6666666666666666,70,FALSE
2/28/2010,Bonanza Flats,1,40,FALSE
2/28/2010,Bonanza Flats,1,20,FALSE
2/27/2010,Park City Ridgeline,1.1666666666666667,40,FALSE
2/27/2010,west porter,1,30,FALSE
2/27/2010,White Pine Canyon,2,100,TRUE
2/27/2010,Scotts Bluff,1,80,TRUE
2/27/2010,Lambs Canyon,1.6666666666666667,70,TRUE
2/26/2010,Bountiful Ridge,1.25,100,TRUE
2/26/2010,Pioneer Ridge,1.6666666666666667,100,TRUE
2/26/2010,Mineral Fork,2,80,TRUE
2/26/2010,Soldier Fork,2,500,TRUE
2/26/2010,Mary Chutes,1.5,40,FALSE
2/26/2010,Salt Lake,0.3333333333333333,20,FALSE
2/25/2010,Neffs,1.5,200,TRUE
2/25/2010,Monitors,1.25,150,TRUE
2/25/2010,Porter Fork,1,800,TRUE
2/25/2010,Lake Desolation,1.6666666666666667,35,FALSE
2/25/2010,Superior,0.6666666666666666,30,FALSE
2/25/2010,West Willow,1.5,60,TRUE
2/24/2010,Mt Aire,1.25,300,TRUE
2/24/2010,Claytons,1.5,20,FALSE
2/24/2010,Mt Raymond,1,100,TRUE
2/24/2010,White Pine,1,60,TRUE
2/23/2010,South Monitor,1,150,TRUE
2/23/2010,Tolgate Canyon,1.1666666666666667,400,TRUE
2/23/2010,Sun Dial,1,100,TRUE
2/22/2010,Lower  Days,1,200,TRUE
2/22/2010,Lower Mineral,1,80,TRUE
2/22/2010,Main Days,1.5,40,FALSE
2/22/2010,Lower  Days,1.5833333333333333,45,FALSE
2/22/2010,Days Headwall,1.5,80,TRUE
2/22/2010,Upper Mineral,1.6666666666666667,60,TRUE
2/22/2010,Ontario Canyon,1,40,FALSE
2/22/2010,Pioneer Ridge,1,100,TRUE
2/22/2010,Maybird Gulch,1,50,FALSE
2/21/2010,Park City Ridgeline,1,40,FALSE
2/21/2010,Yellow Jacket,1.5,30,FALSE
2/21/2010,Neffs,1.5,80,TRUE
2/21/2010,Hidden Canyon,0.8333333333333334,20,FALSE
2/21/2010,lake Peak,1,40,FALSE
2/21/2010,Upper Mill Creek,1,40,FALSE
2/21/2010,Butler Fork,1,80,TRUE
2/21/2010,Flanigans,1,50,FALSE
2/21/2010,Wilson Glade,0.8333333333333334,80,FALSE
2/21/2010,Meadows,1,40,FALSE
2/21/2010,Porter Fork,2,50,FALSE
2/20/2010,Montreal Hill,1.5,70,TRUE
2/20/2010,Argenta,1,100,TRUE
2/20/2010,Argenta Chutes,1.1666666666666667,125,TRUE
2/20/2010,Salt Lake,1,200,TRUE
2/20/2010,Toledo Peak,1,60,TRUE
2/20/2010,Cardiff Peak,1.1666666666666667,70,TRUE
2/20/2010,Mineral Fork,1.25,125,TRUE
2/20/2010,Lambs Canyon,1,150,TRUE
2/19/2010,Lower Mineral,0.8333333333333334,50,FALSE
2/19/2010,Broads Fork,3,200,TRUE
2/19/2010,Silver Fork,1,60,TRUE
2/19/2010,Little Water Peak,0.8333333333333334,150,FALSE
2/19/2010,Cardiac Ridge,1.25,175,TRUE
2/19/2010,Toledo Bowl,1,70,TRUE
2/18/2010,Reed and Benson Ridge,0.3333333333333333,50,FALSE
2/18/2010,Lambs,1,500,TRUE
2/18/2010,Millicent Back Bowl,2,60,TRUE
2/18/2010,Park City Ridgeline,0.6666666666666666,80,FALSE
2/17/2010,Little Water Peak,1,250,TRUE
2/17/2010,Intermediate Ridge,0.8333333333333334,20,FALSE
2/17/2010,Days Fork,1,80,TRUE
2/17/2010,Scotties Bowl,1.5,100,TRUE
2/16/2010,Two Trees,1,300,TRUE
2/16/2010,Twin Lakes Pass,2,70,TRUE
2/16/2010,Salt Lake,1,40,FALSE
2/16/2010,Cardiac Ridge,1,150,TRUE
2/16/2010,Mt. Aire,1,350,TRUE
2/16/2010,Georges Bowl,1.5,40,FALSE
2/15/2010,White Pine Trees,1.5,80,TRUE
2/15/2010,Porter Fork,0.8333333333333334,500,FALSE
2/14/2010,Moonrocks,2,150,TRUE
2/14/2010,Meadows,0.5833333333333334,30,FALSE
2/14/2010,Flagstaff Gully,1.25,80,TRUE
2/14/2010,Park City Ridgeline,1,200,TRUE
2/14/2010,No Name Bowl,1,150,TRUE
2/14/2010,Park City Ridgeline,1,200,TRUE
2/14/2010,Little Water,1,175,TRUE
2/13/2010,west porter,0.5,50,FALSE
2/13/2010,Murdock Peak,0.5,200,FALSE
2/13/2010,Lambs,1.3333333333333333,300,TRUE
2/13/2010,West Desolation Ridge,1,200,TRUE
2/13/2010,Santiago,0.5,50,FALSE
2/13/2010,Twin Lakes Pass,0.6666666666666666,50,FALSE
2/13/2010,Reynolds Peak,0.8333333333333334,200,FALSE
2/13/2010,Butler Fork,1,200,TRUE
2/12/2010,Lambs,0.5,300,FALSE
2/12/2010,Mill B South,3,200,TRUE
2/7/2010,Days Headwall,1.6666666666666667,100,TRUE
2/6/2010,Porter Fork,3,20,FALSE
2/3/2010,Porter Fork,3,10,FALSE
2/1/2010,Python Chutes,4,40,FALSE
2/1/2010,Salt Lake,1.5,30,FALSE
1/30/2010,Under Mt. Gog  East,3,125,TRUE
1/30/2010,"White Pine Knob, NW ridge low",2,250,TRUE
1/30/2010,Salt Lake,3,100,TRUE
1/28/2010,Yellowjacket Gulch,3,200,TRUE
1/28/2010,Murdock Peak,2.5,500,TRUE
1/27/2010,Big Cottonwood Canyon,0.5,40,FALSE
1/27/2010,Bullen Basin,4,150,TRUE
1/27/2010,Wilson Chutes,3,1500,TRUE
1/27/2010,Yellowjacket Gulch,3.5,600,TRUE
1/25/2010,Neffs,3,300,TRUE
1/25/2010,Dutch Draw,3,20,FALSE
1/25/2010,Big Cottonwood Canyon,1.5,5,FALSE
1/25/2010,Wilson Glade,2.5,350,TRUE
1/24/2010,West Monitor,3,2500,TRUE
1/24/2010,West Desolation Ridge,3,2500,TRUE
1/24/2010,Salt Lake,1.5,30,FALSE
1/24/2010,Bear Trap,3,200,TRUE
1/24/2010,MacDonalds Draw,2,100,TRUE
1/23/2010,Big Mac,3,400,TRUE
1/23/2010,Salt Lake,2.5,700,TRUE
1/23/2010,Georges Bowl,5,200,TRUE
1/23/2010,"Parleys Peak, Pass",3,200,TRUE
1/23/2010,MacDonalds Draw,4,150,TRUE
1/23/2010,Powder Park,2,70,TRUE
1/23/2010,Park City Ridgeline,4.5,350,TRUE
1/22/2010,Salt Lake,2.5,600,TRUE
1/22/2010,Short Swing,1.5,40,FALSE
1/22/2010,10420,3.5,200,TRUE
1/21/2010,Catherines,0.8333333333333334,60,FALSE
1/21/2010,Hidden Canyon,1.5,50,FALSE
1/21/2010,Park City Ridgeline,2.5,25,FALSE
1/20/2010,Scotts Peak,2,300,TRUE
1/20/2010,Main Days,1.5,200,TRUE
1/20/2010,Days Headwall,1.3333333333333333,200,TRUE
1/20/2010,Lake Desolation,2,100,TRUE
1/20/2010,East Bowl,1.5,30,FALSE
1/19/2010,10420,2.5,100,TRUE
1/19/2010,Lake Lakawaxen,1.6666666666666667,200,TRUE
1/19/2010,Willows,1,40,FALSE
1/18/2010,Twin Lakes Pass,2,100,TRUE
1/18/2010,Alexander Basin,1.5,100,TRUE
1/11/2010,Mt Raymond,2,125,TRUE
1/10/2010,Park City Ridgeline,1,40,FALSE
1/8/2010,Park City Ridgeline,1.5,150,TRUE
1/7/2010,Squaretop,0.8333333333333334,50,FALSE
1/7/2010,Red Pine Canyon,1.5,150,TRUE
1/7/2010,Catchers Mit,2,50,FALSE
1/6/2010,West Desolation Ridge,1.6666666666666667,175,TRUE
1/6/2010,Squaretop,1.1666666666666667,100,TRUE
1/5/2010,Grizzly Gulch,1,20,FALSE
1/3/2010,Cardiac Ridge,1,15,FALSE
1/2/2010,west porter,0.8333333333333334,30,FALSE
1/2/2010,Kessler Peak,1.6666666666666667,70,TRUE
1/1/2010,Salt Lake,0.8333333333333334,10,FALSE
1/1/2010,Little Water,1.5,150,TRUE
12/30/2009,South Monitor,0.6666666666666666,200,FALSE
12/23/2009,Dutch Draw,2,80,TRUE
12/22/2009,Salt Lake,0.8333333333333334,70,FALSE
12/20/2009,Days Headwall,2.5,50,FALSE
12/17/2009,Meadows,2,50,FALSE
12/17/2009,Cardiff Peak,2.5,150,TRUE
12/16/2009,Lake Desolation,3,45,FALSE
12/15/2009,Days Headwall,1.6666666666666667,150,TRUE
12/15/2009,Mill Creek Canyon,3.5,100,TRUE
12/14/2009,Pioneer Ridge,3,100,TRUE
12/13/2009,West Monitor,1.1666666666666667,100,TRUE
12/13/2009,West Willow,1.3333333333333333,60,TRUE
12/13/2009,Reynolds Pk,3,300,TRUE
12/13/2009,Salt Lake,1.6666666666666667,100,TRUE
12/12/2009,West Bowl,1.0833333333333333,45,FALSE
12/12/2009,Silver Fork,1.3333333333333333,40,FALSE
12/12/2009,Honeycomb Canyon,1.5,25,FALSE
12/12/2009,Grizzly Gulch,1.0833333333333333,70,TRUE
12/12/2009,MacDonalds Draw,1,30,FALSE
12/12/2009,MacDonalds Draw,0.25,300,FALSE
12/8/2009,Rocky Point,1.5,100,TRUE
12/8/2009,West Bowl,0.5,50,FALSE
12/7/2009,Park City Ridgeline,1,80,TRUE
11/23/2009,South Monitor,0.8333333333333334,30,FALSE
